comparison,target,model,min_rating_count_filter,pr_auc_left,pr_auc_right,pr_auc_delta,precision_at_10_delta,lift_at_10_delta
content_only_core -> content_plus_reliability,low_rating_bottom20_raw,LogisticRegressionBalanced,0,0.3695792068798972,0.41336220314732797,0.04378299626743076,0.03542435424354251,0.15922542026782782
content_plus_quantity -> content_quantity_plus_reliability,low_rating_bottom20_raw,LogisticRegression,0,0.36971613580519147,0.4131885613664933,0.04347242556130182,0.04132841328413284,0.18540477615123052
content_only_core -> content_plus_reliability,low_rating_bottom20_raw,LogisticRegression,0,0.37065028933952954,0.4141172219294866,0.04346693258995704,0.040590405904059046,0.18193204474590674
content_plus_quantity -> content_quantity_plus_reliability,low_rating_bottom20_raw,LogisticRegressionBalanced,0,0.3688513355634223,0.41229789492443086,0.04344655936100855,0.0354243542435424,0.1588167461507255
content_quantity_interactions -> full_content_quantity_interactions_plus_reliability,low_rating_bottom20_raw,LogisticRegressionBalanced,0,0.3704137486940787,0.4131798139971553,0.042766065303076584,0.03321033210332097,0.14901023621678133
content_quantity_interactions -> full_content_quantity_interactions_plus_reliability,low_rating_bottom20_raw,LogisticRegression,0,0.37088663754278384,0.4135424936366416,0.04265585609385775,0.04132841328413284,0.18551339903764275
content_quantity_interactions -> full_content_quantity_interactions_plus_reliability,low_rating_bottom20_raw,HistGradientBoostingClassifier,0,0.3902057041281708,0.4314536885749708,0.0412479844468,0.03837638376383756,0.17096059516514606
content_quantity_interactions -> full_content_quantity_interactions_plus_reliability,low_rating_bottom20_raw,XGBoostClassifier,0,0.4007130326702679,0.4398857413211953,0.03917270865092737,0.034686346863468664,0.15537192966902724
content_only_core -> content_plus_reliability,low_rating_bottom20_raw,LogisticRegression,25,0.38598413471090753,0.4246007417189019,0.03861660700799435,0.028378378378378366,0.16461883581655412
content_plus_quantity -> content_quantity_plus_reliability,low_rating_bottom20_raw,XGBoostClassifier,0,0.39802009176749714,0.4363520225494402,0.03833193078194308,0.03763837638376394,0.1697216139420732
content_plus_quantity -> content_quantity_plus_reliability,low_rating_bottom20_raw,HistGradientBoostingClassifier,0,0.39142380756334144,0.42896267123059284,0.0375388636672514,0.02287822878228779,0.10359792657363709
content_only_core -> content_plus_reliability,low_rating_bottom20_raw,LogisticRegressionBalanced,25,0.37837697467378384,0.41532379016198717,0.03694681548820333,0.02837837837837831,0.16845883380215776
content_quantity_interactions -> full_content_quantity_interactions_plus_reliability,low_rating_bottom20_raw,HistGradientBoostingClassifier,25,0.40677135789201435,0.44323548401706014,0.03646412612504579,0.04324324324324319,0.2532008655470972
content_plus_quantity -> content_quantity_plus_reliability,low_rating_bottom20_raw,LogisticRegression,25,0.38263207962998613,0.4185694894424274,0.03593740981244126,0.02027027027027023,0.11810369152127143
content_only_core -> content_plus_reliability,low_rating_bottom30_bayes_category_m25,HistGradientBoostingClassifier,25,0.5423045590151625,0.5781223353300747,0.03581777631491223,0.043243243243243246,0.14852358202160554
content_quantity_interactions -> full_content_quantity_interactions_plus_reliability,low_rating_bottom20_raw,LogisticRegressionBalanced,25,0.3712460980804824,0.40669570620490775,0.035449608124425325,0.035135135135135165,0.20731481602651325
content_plus_quantity -> content_quantity_plus_reliability,low_rating_bottom20_raw,LogisticRegressionBalanced,25,0.37258050567423834,0.4076897274090384,0.03510922173480008,0.03918918918918912,0.23364298136720407
content_quantity_interactions -> full_content_quantity_interactions_plus_reliability,low_rating_bottom20_raw,LogisticRegression,25,0.38135381327221485,0.41638679284580354,0.035032979573588696,0.037837837837837784,0.22210595356983198
content_only_core -> content_plus_reliability,low_rating_bottom20_raw,XGBoostClassifier,0,0.4024259905310589,0.4373520687746974,0.034926078243638525,0.03911439114391141,0.17585788139068903
content_only_core -> content_plus_reliability,low_rating_bottom20_raw,HistGradientBoostingClassifier,0,0.39267067594711796,0.4271712418743613,0.03450056592724332,0.0361623616236163,0.1625831177474355
content_plus_quantity -> content_quantity_plus_reliability,low_rating_bottom20_raw,HistGradientBoostingClassifier,25,0.40682531847212616,0.43955842071559514,0.03273310224346898,0.02432432432432441,0.14723317880888853
content_quantity_interactions -> full_content_quantity_interactions_plus_reliability,low_rating_bottom30_raw,HistGradientBoostingClassifier,25,0.5098281323515799,0.5422607973212942,0.03243266496971431,0.025675675675675635,0.09718670076726355
content_only_core -> content_plus_reliability,low_rating_bottom30_raw,HistGradientBoostingClassifier,25,0.513000496603933,0.5448871085917535,0.0318866119878205,0.024324324324324298,0.09207161125319718
content_plus_quantity -> content_quantity_plus_reliability,low_rating_bottom30_bayes_category_m25,XGBoostClassifier,25,0.558313380850682,0.5900163364903975,0.03170295563971548,0.043243243243243246,0.14843852626507292
content_quantity_interactions -> full_content_quantity_interactions_plus_reliability,low_rating_bottom30_category_relative,XGBoostClassifier,25,0.5247593039103379,0.5559370859989736,0.031177782088635753,0.037837837837837784,0.13444595021070427
content_only_core -> content_plus_reliability,low_rating_bottom20_raw,XGBoostClassifier,25,0.4148668889609187,0.4455468812949577,0.030679992334038952,-0.004054054054054124,-0.027068866802706815
content_quantity_interactions -> full_content_quantity_interactions_plus_reliability,low_rating_bottom30_raw,XGBoostClassifier,25,0.5300985632686634,0.5604710872157466,0.03037252394708312,0.020270270270270285,0.07672634271099721
content_plus_quantity -> content_quantity_plus_reliability,low_rating_bottom30_raw,XGBoostClassifier,25,0.5258619669823069,0.5556078495434911,0.029745882561184156,0.02837837837837842,0.10741687979539671
content_only_core -> content_plus_reliability,low_rating_bottom30_raw,LogisticRegressionBalanced,25,0.5019543346623593,0.5312660410707621,0.02931170640840286,0.03378378378378377,0.12787723785166216
content_only_core -> content_plus_reliability,low_rating_bottom20_raw,ExtraTreesClassifier,0,0.39362595027168,0.42291453225475883,0.02928858198307882,0.016236162361623674,0.07268570983972467
content_quantity_interactions -> full_content_quantity_interactions_plus_reliability,low_rating_bottom30_category_relative,HistGradientBoostingClassifier,25,0.5188310961551293,0.5478417325315417,0.029010636376412324,0.03513513513513511,0.1250607629959113
content_plus_quantity -> content_quantity_plus_reliability,low_rating_bottom30_category_relative,HistGradientBoostingClassifier,25,0.5192499500933812,0.5478868352729258,0.028636885179544658,0.0418918918918918,0.1489383696492239
content_plus_quantity -> content_quantity_plus_reliability,low_rating_bottom30_raw,LogisticRegressionBalanced,25,0.4981943442229553,0.526561357858332,0.028367013635376748,0.04459459459459458,0.1687979539641944
content_quantity_interactions -> full_content_quantity_interactions_plus_reliability,low_rating_bottom30_raw,LogisticRegressionBalanced,25,0.4977531332482587,0.5259453490661278,0.02819221581786907,0.036486486486486336,0.13810741687979533
content_only_core -> content_plus_reliability,low_rating_bottom30_bayes_category_m25,LogisticRegression,25,0.5440687194037136,0.5722033090154781,0.028134589611764516,0.032432432432432434,0.11157368952017954
content_only_core -> content_plus_reliability,low_rating_bottom30_raw,LogisticRegression,25,0.5048740805960128,0.5326690878661033,0.027795007270090544,0.024324324324324187,0.09207161125319718
content_only_core -> content_plus_reliability,low_rating_bottom30_bayes_category_m25,LogisticRegressionBalanced,25,0.541669085054853,0.5692752866053128,0.027606201550459786,0.03513513513513511,0.12031399855189262
content_plus_quantity -> content_quantity_plus_reliability,low_rating_bottom30_raw,LogisticRegression,25,0.50176439930084,0.5291704280969514,0.027406028796111315,0.03513513513513511,0.13299232736572897
content_plus_quantity -> content_quantity_plus_reliability,low_rating_bottom30_raw,HistGradientBoostingClassifier,25,0.5135944568668045,0.5409925975934377,0.027398140726633158,0.012162162162162149,0.04603580562659859
content_only_core -> content_plus_reliability,low_rating_bottom30_category_relative,LogisticRegressionBalanced,25,0.5099693333722171,0.5371859394838016,0.027216606111584496,0.031081081081081097,0.11062626957428279
content_quantity_interactions -> full_content_quantity_interactions_plus_reliability,low_rating_bottom30_raw,LogisticRegression,25,0.5012309290300279,0.5283542294008845,0.02712330037085664,0.03918918918918923,0.1483375959079285
content_only_core -> content_plus_reliability,low_rating_bottom30_category_relative,LogisticRegression,25,0.5121868766725013,0.5392744499147117,0.02708757324221045,0.03378378378378377,0.12020689777425897
content_quantity_interactions -> full_content_quantity_interactions_plus_reliability,low_rating_bottom30_bayes_category_m25,XGBoostClassifier,25,0.5570605769704068,0.5839782709744812,0.0269176940040744,0.055405405405405506,0.19034420893775517
content_quantity_interactions -> full_content_quantity_interactions_plus_reliability,low_rating_bottom30_bayes_category_m25,HistGradientBoostingClassifier,25,0.5470483982592809,0.57391396991855,0.026865571659269172,0.03648648648648645,0.12593434408386317
content_only_core -> content_plus_reliability,low_rating_bottom20_raw,HistGradientBoostingClassifier,25,0.4097185430430773,0.43655744483873293,0.026838901795655623,0.024324324324324298,0.1476259498737691
content_quantity_interactions -> full_content_quantity_interactions_plus_reliability,low_rating_bottom30_category_relative,LogisticRegression,25,0.5087017074109681,0.5354955500157056,0.026793842604737494,0.031081081081080986,0.11053291795959153
content_quantity_interactions -> full_content_quantity_interactions_plus_reliability,low_rating_bottom30_bayes_category_m25,LogisticRegressionBalanced,25,0.5394811785803784,0.5661545129220532,0.026673334341674848,0.032432432432432434,0.11126972803508028
content_quantity_interactions -> full_content_quantity_interactions_plus_reliability,low_rating_bottom30_bayes_category_m25,LogisticRegression,25,0.5423062027125278,0.5689424220944187,0.02663621938189087,0.03513513513513522,0.12056226486525645
content_plus_quantity -> content_quantity_plus_reliability,low_rating_bottom30_category_relative,LogisticRegression,25,0.5087739874216992,0.5353944182812448,0.026620430859545574,0.044594594594594694,0.1584610718323085
content_plus_quantity -> content_quantity_plus_reliability,low_rating_bottom30_bayes_category_m25,LogisticRegressionBalanced,25,0.5402549765472059,0.566754365199133,0.026499388651927136,0.031081081081081097,0.10713576105779454
content_only_core -> content_plus_reliability,low_rating_bottom30_bayes_category_m25,XGBoostClassifier,25,0.5530535475957631,0.5795487625961533,0.026495215000390204,0.02837837837837842,0.0977672884924159
content_only_core -> content_plus_reliability,low_rating_bottom30_raw,XGBoostClassifier,25,0.5244832728683195,0.5507800366389182,0.02629676377059864,0.04054054054054046,0.15345268542199486
content_plus_quantity -> content_quantity_plus_reliability,low_rating_bottom30_bayes_category_m25,LogisticRegression,25,0.543664651894455,0.5699428939211933,0.02627824202673834,0.04054054054054057,0.13903886490785622
content_only_core -> content_plus_reliability,low_rating_bottom30_category_relative,HistGradientBoostingClassifier,25,0.5201020837856032,0.5462437970723563,0.026141713286753077,0.03378378378378377,0.11984809146336595
content_plus_quantity -> content_quantity_plus_reliability,low_rating_bottom30_category_relative,LogisticRegressionBalanced,25,0.5072483987526419,0.5332182202906057,0.02596982153796379,0.043243243243243135,0.15339884044676433
content_quantity_interactions -> full_content_quantity_interactions_plus_reliability,low_rating_bottom30_category_relative,LogisticRegressionBalanced,25,0.5076312858727441,0.533442573354398,0.025811287481653955,0.032432432432432434,0.11512132848504208
content_quantity_interactions -> full_content_quantity_interactions_plus_reliability,low_rating_bottom20_raw,XGBoostClassifier,25,0.421063881129572,0.44682844453474574,0.025764563405173746,0.03378378378378377,0.2010013495028029
content_quantity_interactions -> full_content_quantity_interactions_plus_reliability,low_rating_bottom30_raw,XGBoostClassifier,0,0.5016213002892718,0.5259664671446627,0.0243451668553909,0.030258302583025753,0.1001449818659752
content_only_core -> content_plus_reliability,low_rating_bottom30_bayes_category_m25,HistGradientBoostingClassifier,0,0.5160142286652334,0.5397793631117075,0.0237651344464741,0.01697416974169741,0.05728086174595415
content_plus_quantity -> content_quantity_plus_reliability,low_rating_bottom20_raw,ExtraTreesClassifier,0,0.39780262606001593,0.4207455697868359,0.022942943726819987,0.024354243542435428,0.10995951059135711
content_only_core -> content_plus_reliability,low_rating_bottom30_category_relative,XGBoostClassifier,25,0.5305818625294381,0.55336584309625,0.022783980566811968,0.0175675675675675,0.06260476408687454
content_plus_quantity -> content_quantity_plus_reliability,low_rating_bottom30_bayes_category_m25,HistGradientBoostingClassifier,0,0.5159862898348392,0.5387441890531832,0.022757899218344035,0.03616236162361619,0.12127300984614608
content_only_core -> content_plus_reliability,low_rating_bottom20_raw,ExtraTreesClassifier,25,0.42030811262926493,0.44177221156124985,0.02146409893198492,0.03783783783783784,0.22159703250063334
content_quantity_interactions -> full_content_quantity_interactions_plus_reliability,low_rating_bottom20_raw,ExtraTreesClassifier,0,0.3972911513227985,0.41849773508239363,0.02120658375959511,0.005904059040590326,0.02654038038405826
content_plus_quantity -> content_quantity_plus_reliability,low_rating_bottom30_bayes_category_m25,HistGradientBoostingClassifier,25,0.5530987368516012,0.5738750869332379,0.020776350081636696,0.03918918918918923,0.13520298393649055
content_only_core -> content_plus_reliability,low_rating_bottom30_category_relative,HistGradientBoostingClassifier,0,0.4936448542797661,0.5142412853643138,0.020596431084547673,0.02730627306273059,0.08652784440233563
content_plus_quantity -> content_quantity_plus_reliability,low_rating_bottom20_raw,XGBoostClassifier,25,0.4239542388763399,0.44401491000414683,0.02006067112780696,0.016216216216216273,0.09432265819539332
content_only_core -> content_plus_reliability,low_rating_bottom30_bayes_category_m25,XGBoostClassifier,0,0.5304858871138397,0.5500532222572883,0.01956733514344855,0.01845018450184499,0.061733072007130296
content_plus_quantity -> content_quantity_plus_reliability,low_rating_bottom30_category_relative,HistGradientBoostingClassifier,0,0.49131353453422016,0.5107585334809863,0.019444998946766157,0.012546125461254665,0.03965471869352233
content_plus_quantity -> content_quantity_plus_reliability,low_rating_bottom30_raw,HistGradientBoostingClassifier,0,0.48858196652249186,0.5079996879638614,0.01941772144136955,0.03763837638376388,0.12457058719914027
content_only_core -> content_plus_reliability,low_rating_bottom30_category_relative,XGBoostClassifier,0,0.5022292553593577,0.5213852590892014,0.019156003729843718,0.01918819188191878,0.061004997424326524
content_quantity_interactions -> full_content_quantity_interactions_plus_reliability,low_rating_bottom30_bayes_category_m25,HistGradientBoostingClassifier,0,0.5181398872308973,0.536814229911483,0.018674342680585654,0.0184501845018451,0.06157470453376712
content_only_core -> content_plus_reliability,low_rating_bottom30_raw,ExtraTreesClassifier,25,0.523720469761537,0.5420785538495425,0.018358084088005544,0.0013513513513513375,0.005115089514066362
content_plus_quantity -> content_quantity_plus_reliability,low_rating_bottom30_raw,ExtraTreesClassifier,25,0.525015359950991,0.5433394709203466,0.0183241109693556,0.043243243243243246,0.16368286445012803
content_only_core -> content_plus_reliability,low_rating_bottom30_raw,XGBoostClassifier,0,0.5037281229325761,0.5218611905294614,0.018133067596885377,0.01918819188191878,0.06350657386622816
content_only_core -> content_plus_reliability,low_rating_bottom30_raw,HistGradientBoostingClassifier,0,0.49108168094936105,0.5091733502772017,0.01809166932784062,0.011808118081180874,0.039080968533063754
content_plus_quantity -> content_quantity_plus_reliability,low_rating_bottom30_category_relative,XGBoostClassifier,25,0.5303076026250888,0.5482970161715192,0.017989413546430355,0.02297297297297307,0.0818368716824267
content_plus_quantity -> content_quantity_plus_reliability,low_rating_bottom30_bayes_global_m25,XGBoostClassifier,0,0.5044690277441684,0.5220455981213048,0.017576570377136447,0.0044280442804428555,0.015557712241864419
content_plus_quantity -> content_quantity_plus_reliability,low_rating_bottom30_category_relative,ExtraTreesClassifier,25,0.528698236800859,0.5458354627662161,0.01713722596535705,0.03513513513513511,0.12512993922234816
content_quantity_interactions -> full_content_quantity_interactions_plus_reliability,low_rating_bottom30_category_relative,XGBoostClassifier,0,0.5066972789586895,0.5236576841103594,0.016960405151669855,0.0022140221402213722,0.006788165475461794
content_quantity_interactions -> full_content_quantity_interactions_plus_reliability,low_rating_bottom30_category_relative,HistGradientBoostingClassifier,0,0.49172828506600774,0.5084881284124303,0.016759843346422554,0.01845018450184499,0.05839853459049249
content_plus_quantity -> content_quantity_plus_reliability,low_rating_bottom30_raw,XGBoostClassifier,0,0.5021976715864263,0.5185564568913364,0.016358785304910195,0.013284132841328344,0.04396608959969672
content_plus_quantity -> content_quantity_plus_reliability,low_rating_bottom20_raw,ExtraTreesClassifier,25,0.4227304507418491,0.4388733218062607,0.01614287106441159,0.027027027027026973,0.16074867833982154
content_plus_quantity -> content_quantity_plus_reliability,low_rating_bottom30_bayes_category_m25,ExtraTreesClassifier,25,0.5530924156145608,0.5688199328108496,0.015727517196288843,0.006756756756756688,0.023041763309473495
content_quantity_interactions -> full_content_quantity_interactions_plus_reliability,low_rating_bottom30_bayes_category_m25,XGBoostClassifier,0,0.5310435600784416,0.5464289707135497,0.015385410635108121,0.011070110701107083,0.0371209723971333
content_only_core -> content_plus_reliability,low_rating_bottom30_bayes_global_m25,XGBoostClassifier,0,0.5056174197733274,0.5206864305769305,0.015069010803603122,0.014760147601476037,0.04917613942712684
content_plus_quantity -> content_quantity_plus_reliability,low_rating_bottom30_category_relative,XGBoostClassifier,0,0.5040015318459252,0.5190236714757048,0.015022139629779607,0.011808118081180874,0.03724605211359888
content_only_core -> content_plus_reliability,low_rating_bottom30_category_relative,LogisticRegression,0,0.49528797147131487,0.5102018763783172,0.014913904907002284,0.02509225092250922,0.07967631629214544
content_quantity_interactions -> full_content_quantity_interactions_plus_reliability,low_rating_bottom20_raw,ExtraTreesClassifier,25,0.4196222484231276,0.4343068163297791,0.014684567906651458,0.021621621621621734,0.13211428805255654
content_plus_quantity -> content_quantity_plus_reliability,low_rating_bottom30_category_relative,LogisticRegressionBalanced,0,0.4910634217913718,0.5055276878939043,0.014464266102532541,0.02804428044280438,0.08900592467152091
content_quantity_interactions -> full_content_quantity_interactions_plus_reliability,low_rating_bottom30_category_relative,LogisticRegression,0,0.4933284975049272,0.5077521073794882,0.014423609874560983,0.023616236162361526,0.07501299595977895
content_plus_quantity -> content_quantity_plus_reliability,low_rating_bottom30_category_relative,LogisticRegression,0,0.49261651288862307,0.5070017220616125,0.014385209172989466,0.022878228782287735,0.07274173071368062
content_plus_quantity -> content_quantity_plus_reliability,low_rating_bottom30_raw,LogisticRegressionBalanced,0,0.48529502586575424,0.4996471653633591,0.014352139497604888,0.01697416974169741,0.056178892266279146
content_only_core -> content_plus_reliability,low_rating_bottom30_raw,LogisticRegression,0,0.48827052008326177,0.5026129190806293,0.014342398997367556,0.01697416974169741,0.056178892266279146
content_only_core -> content_plus_reliability,low_rating_bottom30_category_relative,LogisticRegressionBalanced,0,0.49403385152545864,0.5083756616442551,0.014341810118796428,0.02656826568265691,0.08432753451544528
content_only_core -> content_plus_reliability,low_rating_bottom30_raw,LogisticRegressionBalanced,0,0.4870441829866814,0.5012760693326777,0.014231886345996259,0.014760147601476037,0.04885121066632947
content_quantity_interactions -> full_content_quantity_interactions_plus_reliability,low_rating_bottom30_bayes_category_m25,ExtraTreesClassifier,25,0.5513350274701313,0.5655441442108738,0.014209116740742544,0.009459459459459474,0.03241071499118009
content_plus_quantity -> content_quantity_plus_reliability,low_rating_bottom30_raw,LogisticRegression,0,0.48660823988906454,0.5007331057593015,0.01412486587023698,0.01697416974169741,0.056178892266278924
content_quantity_interactions -> full_content_quantity_interactions_plus_reliability,low_rating_bottom30_raw,LogisticRegressionBalanced,0,0.4859583516056035,0.4999643078867505,0.01400595628114698,0.011808118081180874,0.03908096853306331
content_quantity_interactions -> full_content_quantity_interactions_plus_reliability,low_rating_bottom30_category_relative,LogisticRegressionBalanced,0,0.4923586577291073,0.5062909624489202,0.013932304719812938,0.02583025830258312,0.08211061313489987
content_quantity_interactions -> full_content_quantity_interactions_plus_reliability,low_rating_bottom30_bayes_global_m25,HistGradientBoostingClassifier,25,0.5537739158922618,0.5675568037116759,0.013782887819414169,0.008108108108108247,0.026229207017235634
content_quantity_interactions -> full_content_quantity_interactions_plus_reliability,low_rating_bottom30_raw,HistGradientBoostingClassifier,0,0.49160651124358534,0.5053543744128332,0.01374786316924781,0.022140221402214166,0.07327681599949387
content_quantity_interactions -> full_content_quantity_interactions_plus_reliability,low_rating_bottom30_raw,LogisticRegression,0,0.4866732246555971,0.5001491295183431,0.013475904862746024,0.0073800738007380184,0.024425605333164846
content_only_core -> content_plus_reliability,low_rating_bottom30_bayes_category_m25,ExtraTreesClassifier,25,0.5539090232088771,0.5672905333438962,0.013381510135019092,0.008108108108108247,0.027930128364510587
content_quantity_interactions -> full_content_quantity_interactions_plus_reliability,low_rating_bottom30_category_relative,ExtraTreesClassifier,0,0.5000582685476612,0.5132585726276694,0.013200304080008163,0.00959409594095939,0.030237543461284266
content_quantity_interactions -> full_content_quantity_interactions_plus_reliability,low_rating_bottom30_bayes_global_m25,XGBoostClassifier,0,0.5081124157741523,0.5212579980700127,0.01314558229586038,0.013284132841328455,0.044885685689547206
content_plus_quantity -> content_quantity_plus_reliability,low_rating_bottom30_bayes_category_m25,XGBoostClassifier,0,0.535793289497619,0.5487436371163735,0.012950347618754576,0.00811808118081181,0.027436290474594838
content_quantity_interactions -> full_content_quantity_interactions_plus_reliability,low_rating_bottom30_category_relative,ExtraTreesClassifier,25,0.5316988758159702,0.5444263243459049,0.012727448529934682,0.02297297297297296,0.08179103335966253
content_quantity_interactions -> full_content_quantity_interactions_plus_reliability,low_rating_bottom30_raw,ExtraTreesClassifier,0,0.49632351355875237,0.5082447103167262,0.011921196757973873,0.022878228782287846,0.07571937653281058
content_plus_quantity -> content_quantity_plus_reliability,low_rating_bottom30_category_relative,ExtraTreesClassifier,0,0.5021052490082025,0.5139760166909555,0.01187076768275297,0.00959409594095939,0.030326651984090347
content_only_core -> content_plus_reliability,low_rating_bottom30_raw,ExtraTreesClassifier,0,0.49567943185637614,0.5075167033743073,0.01183727151793118,0.012546125461254554,0.041523529066379794
content_only_core -> content_plus_reliability,low_rating_bottom30_category_relative,ExtraTreesClassifier,0,0.49868336589899753,0.5101374734029047,0.011454107503907185,0.010332103321033181,0.032803190583331476
content_plus_quantity -> content_quantity_plus_reliability,low_rating_bottom30_raw,ExtraTreesClassifier,0,0.4970194406096639,0.5078947435796242,0.010875302969960254,0.006642066420664228,0.02198304479984836
content_plus_quantity -> content_quantity_plus_reliability,low_rating_bottom30_bayes_category_m25,ExtraTreesClassifier,0,0.5125910986962292,0.5234620120530599,0.010870913356830658,0.007380073800737907,0.025049062360668728
content_only_core -> content_plus_reliability,low_rating_bottom30_bayes_global_m25,XGBoostClassifier,25,0.5662292548243963,0.5769362595272334,0.01070700470283703,0.014864864864864935,0.047643622849100176
content_quantity_interactions -> full_content_quantity_interactions_plus_reliability,low_rating_bottom30_raw,ExtraTreesClassifier,25,0.5259675074241204,0.5360618431925476,0.01009433576842722,-0.004054054054054124,-0.01534526854219953
content_only_core -> content_plus_reliability,low_rating_bottom30_category_relative,ExtraTreesClassifier,25,0.5304238316842487,0.5404801488741379,0.010056317189889197,0.0175675675675675,0.06217761903412633
content_plus_quantity -> content_quantity_plus_reliability,low_rating_bottom30_bayes_global_m25,ExtraTreesClassifier,0,0.504580984135416,0.5145756985443204,0.009994714408904426,0.013284132841328344,0.045057983356055153
content_only_core -> content_plus_reliability,low_rating_bottom30_bayes_global_m25,HistGradientBoostingClassifier,0,0.5008210494264574,0.5107710039668254,0.009949954540367956,-0.0007380073800739018,-0.0020698274241346404
content_only_core -> content_plus_reliability,low_rating_bottom30_bayes_category_m25,ExtraTreesClassifier,0,0.5131644609923146,0.5214731562622084,0.008308695269893751,0.005904059040590437,0.019728805938107108
content_quantity_interactions -> full_content_quantity_interactions_plus_reliability,low_rating_bottom30_bayes_global_m25,ExtraTreesClassifier,0,0.5041542770939357,0.512037338399032,0.007883061305096306,0.011070110701107083,0.037271315939538585
content_quantity_interactions -> full_content_quantity_interactions_plus_reliability,low_rating_bottom30_bayes_global_m25,HistGradientBoostingClassifier,0,0.5022476461847619,0.5100149205731495,0.007767274388387535,0.019188191881918892,0.06460669066016322
content_only_core -> content_plus_reliability,low_rating_bottom30_bayes_global_m25,HistGradientBoostingClassifier,25,0.5590834976199425,0.566207473580492,0.007123975960549478,0.02837837837837831,0.09092306272473927
content_plus_quantity -> content_quantity_plus_reliability,low_rating_bottom30_bayes_global_m25,HistGradientBoostingClassifier,0,0.5021376664587566,0.5090479032922419,0.00691023683348535,0.02583025830258301,0.08618741431878618
content_quantity_interactions -> full_content_quantity_interactions_plus_reliability,low_rating_bottom30_bayes_global_m25,XGBoostClassifier,25,0.5678663761601515,0.5747207870371506,0.0068544108769991174,-0.005405405405405461,-0.017019674504776816
content_quantity_interactions -> full_content_quantity_interactions_plus_reliability,low_rating_bottom30_bayes_category_m25,ExtraTreesClassifier,0,0.5144003797975432,0.521115672328318,0.006715292530774852,0.002952029520295163,0.009869526635535308
content_plus_quantity -> content_quantity_plus_reliability,low_rating_bottom30_bayes_category_m25,LogisticRegressionBalanced,0,0.515748602741926,0.5211525439101934,0.005403941168267368,0.013284132841328344,0.04472405030340232
content_only_core -> content_plus_reliability,low_rating_bottom30_bayes_category_m25,LogisticRegression,0,0.5223073297268517,0.5276154137746143,0.005308084047762618,0.013284132841328455,0.04479167469629841
content_only_core -> content_plus_reliability,low_rating_bottom30_bayes_category_m25,LogisticRegressionBalanced,0,0.5204384322739162,0.5255840030490818,0.005145570775165642,0.011808118081180874,0.03968100084859971
content_only_core -> content_plus_reliability,low_rating_bottom30_bayes_global_m25,ExtraTreesClassifier,25,0.5664133269838517,0.5714253014118167,0.005011974427964971,0.01216216216216226,0.03909228680486798
content_only_core -> content_plus_reliability,low_rating_bottom30_bayes_global_m25,ExtraTreesClassifier,0,0.5077171348242244,0.512691876395706,0.004974741571481589,0.0022140221402214832,0.007318021592999102
content_quantity_interactions -> full_content_quantity_interactions_plus_reliability,low_rating_bottom30_bayes_category_m25,LogisticRegressionBalanced,0,0.5155796223931203,0.520472298866008,0.004892676472887714,0.011070110701106972,0.037200323563873816
content_plus_quantity -> content_quantity_plus_reliability,low_rating_bottom30_bayes_category_m25,LogisticRegression,0,0.5178100496518723,0.5226392041750295,0.004829154523157242,0.011808118081180874,0.039808089396637936
content_quantity_interactions -> full_content_quantity_interactions_plus_reliability,low_rating_bottom30_bayes_category_m25,LogisticRegression,0,0.5178066413429743,0.5223284532020712,0.004521811859096947,0.014760147601476148,0.04957510887928329
content_plus_quantity -> content_quantity_plus_reliability,low_rating_bottom30_bayes_global_m25,HistGradientBoostingClassifier,25,0.5566147446863766,0.5609328417249351,0.004318097038558455,0.014864864864864935,0.046818241108452785
content_plus_quantity -> content_quantity_plus_reliability,low_rating_bottom30_bayes_global_m25,ExtraTreesClassifier,25,0.5653401755743708,0.5687517791873888,0.003411603613018066,0.0013513513513512265,0.005080301154532396
content_only_core -> content_plus_reliability,low_rating_bottom30_bayes_global_m25,LogisticRegressionBalanced,25,0.5617581622291199,0.564927435663622,0.003169273434502129,-0.009459459459459474,-0.029916183168817945
content_only_core -> content_plus_reliability,low_rating_bottom30_bayes_global_m25,LogisticRegression,25,0.5620418541201638,0.5651757117334266,0.0031338576132627916,-0.0013513513513512265,-0.0039032730290435858
content_quantity_interactions -> full_content_quantity_interactions_plus_reliability,low_rating_bottom30_bayes_global_m25,LogisticRegression,25,0.5605105281111085,0.5633719626347657,0.0028614345236572802,-0.004054054054054013,-0.01260402750380818
content_quantity_interactions -> full_content_quantity_interactions_plus_reliability,low_rating_bottom30_bayes_global_m25,LogisticRegressionBalanced,25,0.5611384561601851,0.5638814018909105,0.0027429457307254212,-0.0175675675675675,-0.05562657163154716
content_plus_quantity -> content_quantity_plus_reliability,low_rating_bottom30_bayes_global_m25,LogisticRegression,25,0.5605230541212085,0.5629826153104558,0.0024595611892472835,-0.00540540540540535,-0.016709995936458277
content_plus_quantity -> content_quantity_plus_reliability,low_rating_bottom30_bayes_global_m25,LogisticRegressionBalanced,25,0.5606683445329843,0.5629247963368013,0.00225645180381695,-0.012162162162162371,-0.038641542811583385
content_quantity_interactions -> full_content_quantity_interactions_plus_reliability,low_rating_bottom30_bayes_global_m25,ExtraTreesClassifier,25,0.5680610231469485,0.5699743199762463,0.0019132968292977504,-0.0013513513513513375,-0.0037105325140442957
content_plus_quantity -> content_quantity_plus_reliability,low_rating_bottom30_bayes_global_m25,XGBoostClassifier,25,0.5716487848880702,0.5731835711972346,0.001534786309164371,-0.00540540540540535,-0.01663816295627063
content_quantity_interactions -> full_content_quantity_interactions_plus_reliability,low_rating_bottom30_raw,DummyClassifier,25,0.2641891891891892,0.2641891891891892,0.0,0.0,0.0
content_quantity_interactions -> full_content_quantity_interactions_plus_reliability,low_rating_bottom30_raw,DummyClassifier,0,0.3021449704142012,0.3021449704142012,0.0,0.0,0.0
content_quantity_interactions -> full_content_quantity_interactions_plus_reliability,low_rating_bottom30_category_relative,DummyClassifier,0,0.31494082840236687,0.31494082840236687,0.0,0.0,0.0
content_quantity_interactions -> full_content_quantity_interactions_plus_reliability,low_rating_bottom30_category_relative,DummyClassifier,25,0.28135135135135136,0.28135135135135136,0.0,0.0,0.0
content_only_core -> content_plus_reliability,low_rating_bottom20_raw,DummyClassifier,0,0.22241124260355027,0.22241124260355027,0.0,0.0,0.0
content_quantity_interactions -> full_content_quantity_interactions_plus_reliability,low_rating_bottom30_bayes_global_m25,DummyClassifier,25,0.31324324324324326,0.31324324324324326,0.0,0.0,0.0
content_plus_quantity -> content_quantity_plus_reliability,low_rating_bottom30_bayes_global_m25,DummyClassifier,25,0.31324324324324326,0.31324324324324326,0.0,0.0,0.0
content_only_core -> content_plus_reliability,low_rating_bottom30_bayes_category_m25,DummyClassifier,0,0.29770710059171596,0.29770710059171596,0.0,0.0,0.0
content_only_core -> content_plus_reliability,low_rating_bottom30_bayes_category_m25,DummyClassifier,25,0.2913513513513514,0.2913513513513514,0.0,0.0,0.0
content_only_core -> content_plus_reliability,low_rating_bottom30_bayes_global_m25,DummyClassifier,0,0.2970414201183432,0.2970414201183432,0.0,0.0,0.0
content_only_core -> content_plus_reliability,low_rating_bottom30_bayes_global_m25,DummyClassifier,25,0.31324324324324326,0.31324324324324326,0.0,0.0,0.0
content_only_core -> content_plus_reliability,low_rating_bottom30_category_relative,DummyClassifier,0,0.31494082840236687,0.31494082840236687,0.0,0.0,0.0
content_only_core -> content_plus_reliability,low_rating_bottom30_category_relative,DummyClassifier,25,0.28135135135135136,0.28135135135135136,0.0,0.0,0.0
content_only_core -> content_plus_reliability,low_rating_bottom30_raw,DummyClassifier,0,0.3021449704142012,0.3021449704142012,0.0,0.0,0.0
content_only_core -> content_plus_reliability,low_rating_bottom30_raw,DummyClassifier,25,0.2641891891891892,0.2641891891891892,0.0,0.0,0.0
content_plus_quantity -> content_quantity_plus_reliability,low_rating_bottom20_raw,DummyClassifier,0,0.22241124260355027,0.22241124260355027,0.0,0.0,0.0
content_plus_quantity -> content_quantity_plus_reliability,low_rating_bottom20_raw,DummyClassifier,25,0.16905405405405405,0.16905405405405405,0.0,0.0,0.0
content_plus_quantity -> content_quantity_plus_reliability,low_rating_bottom30_bayes_category_m25,DummyClassifier,0,0.29770710059171596,0.29770710059171596,0.0,0.0,0.0
content_plus_quantity -> content_quantity_plus_reliability,low_rating_bottom30_bayes_category_m25,DummyClassifier,25,0.2913513513513514,0.2913513513513514,0.0,0.0,0.0
content_plus_quantity -> content_quantity_plus_reliability,low_rating_bottom30_bayes_global_m25,DummyClassifier,0,0.2970414201183432,0.2970414201183432,0.0,0.0,0.0
content_only_core -> content_plus_reliability,low_rating_bottom20_raw,DummyClassifier,25,0.16905405405405405,0.16905405405405405,0.0,0.0,0.0
content_plus_quantity -> content_quantity_plus_reliability,low_rating_bottom30_category_relative,DummyClassifier,0,0.31494082840236687,0.31494082840236687,0.0,0.0,0.0
content_plus_quantity -> content_quantity_plus_reliability,low_rating_bottom30_category_relative,DummyClassifier,25,0.28135135135135136,0.28135135135135136,0.0,0.0,0.0
content_plus_quantity -> content_quantity_plus_reliability,low_rating_bottom30_raw,DummyClassifier,0,0.3021449704142012,0.3021449704142012,0.0,0.0,0.0
content_plus_quantity -> content_quantity_plus_reliability,low_rating_bottom30_raw,DummyClassifier,25,0.2641891891891892,0.2641891891891892,0.0,0.0,0.0
content_quantity_interactions -> full_content_quantity_interactions_plus_reliability,low_rating_bottom20_raw,DummyClassifier,0,0.22241124260355027,0.22241124260355027,0.0,0.0,0.0
content_quantity_interactions -> full_content_quantity_interactions_plus_reliability,low_rating_bottom20_raw,DummyClassifier,25,0.16905405405405405,0.16905405405405405,0.0,0.0,0.0
content_quantity_interactions -> full_content_quantity_interactions_plus_reliability,low_rating_bottom30_bayes_category_m25,DummyClassifier,0,0.29770710059171596,0.29770710059171596,0.0,0.0,0.0
content_quantity_interactions -> full_content_quantity_interactions_plus_reliability,low_rating_bottom30_bayes_category_m25,DummyClassifier,25,0.2913513513513514,0.2913513513513514,0.0,0.0,0.0
content_quantity_interactions -> full_content_quantity_interactions_plus_reliability,low_rating_bottom30_bayes_global_m25,DummyClassifier,0,0.2970414201183432,0.2970414201183432,0.0,0.0,0.0
content_plus_quantity -> content_quantity_plus_reliability,low_rating_bottom30_bayes_global_m25,LogisticRegression,0,0.5067817689845222,0.506480150673433,-0.00030161831108921344,0.002952029520295163,0.010211604857962353
content_quantity_interactions -> full_content_quantity_interactions_plus_reliability,low_rating_bottom30_bayes_global_m25,LogisticRegression,0,0.5073336414631407,0.5070226612940228,-0.0003109801691179026,0.0044280442804427445,0.015036313880436136
content_quantity_interactions -> full_content_quantity_interactions_plus_reliability,low_rating_bottom30_bayes_global_m25,LogisticRegressionBalanced,0,0.5049758403848378,0.5044687652090314,-0.0005070751758063929,0.002952029520295163,0.010211604857962353
content_only_core -> content_plus_reliability,low_rating_bottom30_bayes_global_m25,LogisticRegression,0,0.5107682149293369,0.5102214812406084,-0.0005467336887284846,0.0022140221402213722,0.007618929670367258
content_plus_quantity -> content_quantity_plus_reliability,low_rating_bottom30_bayes_global_m25,LogisticRegressionBalanced,0,0.5053843970447234,0.5047912513868303,-0.000593145657893035,0.0044280442804427445,0.015436294282705987
content_only_core -> content_plus_reliability,low_rating_bottom30_bayes_global_m25,LogisticRegressionBalanced,0,0.5088131816254394,0.5081144428083822,-0.0006987388170571762,0.0022140221402213722,0.007556219013054033
