target,feature_set,model,min_rating_count_filter,n_obs_mean,n_obs_std,n_runs,rmse_mean,rmse_std,mae_mean,mae_std,r2_mean,r2_std,spearman_mean,spearman_std,pearson_mean,pearson_std
continuous_base_rating,content_only_core,DummyRegressor,0,2704.0,0.0,5,0.41859027793386216,0.02000453570886403,0.28428189585536123,0.006942507531068329,-0.00017470897374072258,0.0002679809224760619,,,-9.370434034531713e-16,6.662239961798824e-16
continuous_base_rating,content_only_core,DummyRegressor,25,1480.0,0.0,5,0.2461800996430758,0.006620258813121378,0.18657987043838967,0.0037626429544031846,-0.00018717833546362251,0.0003495938407491935,,,1.2682266983667044e-15,1.090445001663879e-15
continuous_base_rating,content_only_core,HistGradientBoostingRegressor,0,2704.0,0.0,5,0.4054618572135946,0.01921668442222214,0.2685118454693571,0.007039054517500094,0.06153559781411155,0.007308645081578175,0.2894759158702897,0.020674249950947098,0.2527546231848051,0.016148837264856
continuous_base_rating,content_only_core,HistGradientBoostingRegressor,25,1480.0,0.0,5,0.21667119228608328,0.006955594694434998,0.15923603037086748,0.004810322568506745,0.22522051755829003,0.01934179317486906,0.4885410583290966,0.01799404133911616,0.4749040352997276,0.020465031843850734
continuous_base_rating,content_only_core,Ridge,0,2704.0,0.0,5,0.40698544045776053,0.020296084262962734,0.27050815778365556,0.007609692083315681,0.05465704514488119,0.0075841309600183215,0.2996753627116706,0.01316199880183067,0.2544952858515817,0.014105260823506023
continuous_base_rating,content_only_core,Ridge,25,1480.0,0.0,5,0.21675468033193143,0.005512131087593727,0.16134868189835963,0.003262581835380845,0.22455911988523045,0.005692464021861603,0.49781359131359865,0.007075468414811148,0.4794370560984505,0.004529297211247667
continuous_base_rating,content_plus_quantity,DummyRegressor,0,2704.0,0.0,5,0.41859027793386216,0.02000453570886403,0.28428189585536123,0.006942507531068329,-0.00017470897374072258,0.0002679809224760619,,,-9.370434034531713e-16,6.662239961798824e-16
continuous_base_rating,content_plus_quantity,DummyRegressor,25,1480.0,0.0,5,0.2461800996430758,0.006620258813121378,0.18657987043838967,0.0037626429544031846,-0.00018717833546362251,0.0003495938407491935,,,1.2682266983667044e-15,1.090445001663879e-15
continuous_base_rating,content_plus_quantity,HistGradientBoostingRegressor,0,2704.0,0.0,5,0.4048857220746001,0.019004998625610614,0.26823798429212764,0.006928931236251598,0.0641587344920644,0.008676000670612631,0.29118817267363184,0.022161899547153082,0.2576600187214729,0.017839737083274933
continuous_base_rating,content_plus_quantity,HistGradientBoostingRegressor,25,1480.0,0.0,5,0.2163122314314855,0.006757050499644615,0.15856112588985996,0.004783810460645386,0.22780949612474308,0.016089816136380653,0.49384826000696275,0.015424189694845651,0.47770729722074157,0.01703612001128016
continuous_base_rating,content_plus_quantity,Ridge,0,2704.0,0.0,5,0.40889576038327446,0.0196672030881136,0.271475278243503,0.007354153683696672,0.04563199666548712,0.0060722391728207075,0.29618607948409237,0.011651140218009974,0.24585412274227192,0.012015245914884268
continuous_base_rating,content_plus_quantity,Ridge,25,1480.0,0.0,5,0.21667483966119408,0.0057758832280497335,0.16107031509802633,0.003320601411468355,0.22516290322594484,0.006977008721660394,0.5002251463309423,0.004460689470084966,0.48070205456882553,0.005767269712335323
continuous_base_rating,content_plus_reliability,DummyRegressor,0,2704.0,0.0,5,0.41859027793386216,0.02000453570886403,0.28428189585536123,0.006942507531068329,-0.00017470897374072258,0.0002679809224760619,,,-9.370434034531713e-16,6.662239961798824e-16
continuous_base_rating,content_plus_reliability,DummyRegressor,25,1480.0,0.0,5,0.2461800996430758,0.006620258813121378,0.18657987043838967,0.0037626429544031846,-0.00018717833546362251,0.0003495938407491935,,,1.2682266983667044e-15,1.090445001663879e-15
continuous_base_rating,content_plus_reliability,HistGradientBoostingRegressor,0,2704.0,0.0,5,0.40182695715457173,0.018683338569606866,0.2657178885636088,0.00742760562768001,0.07823248799928786,0.004148464239087156,0.2890886843332807,0.020312794690107227,0.28563724022102377,0.011850362481871324
continuous_base_rating,content_plus_reliability,HistGradientBoostingRegressor,25,1480.0,0.0,5,0.21312829879847545,0.006636166794445699,0.15605198866611752,0.005129239526554031,0.2504330489521342,0.01153970171382772,0.5066273572581836,0.01490936586844164,0.5012275075656701,0.011871096317611674
continuous_base_rating,content_plus_reliability,Ridge,0,2704.0,0.0,5,0.4032803171336218,0.019910406025760826,0.2684269853570531,0.007822904669637932,0.07176118852749239,0.00574346423994837,0.2941755517450334,0.014614643720840237,0.28258911371256523,0.010509768431217925
continuous_base_rating,content_plus_reliability,Ridge,25,1480.0,0.0,5,0.2129333432695862,0.005390830577479876,0.1584932074602181,0.0030064911008605144,0.2516641461897118,0.0042696151837097115,0.5152511602188857,0.010876026711469535,0.5064670964243899,0.0024471733746168436
continuous_base_rating,content_quantity_interactions,DummyRegressor,0,2704.0,0.0,5,0.41859027793386216,0.02000453570886403,0.28428189585536123,0.006942507531068329,-0.00017470897374072258,0.0002679809224760619,,,-9.370434034531713e-16,6.662239961798824e-16
continuous_base_rating,content_quantity_interactions,DummyRegressor,25,1480.0,0.0,5,0.2461800996430758,0.006620258813121378,0.18657987043838967,0.0037626429544031846,-0.00018717833546362251,0.0003495938407491935,,,1.2682266983667044e-15,1.090445001663879e-15
continuous_base_rating,content_quantity_interactions,HistGradientBoostingRegressor,0,2704.0,0.0,5,0.4047242924808193,0.018678379011219687,0.2680335173024441,0.00621040823601159,0.06485886182596265,0.006525391161577075,0.2940293259326755,0.01835492342333219,0.2580738143544784,0.015765676620369054
continuous_base_rating,content_quantity_interactions,HistGradientBoostingRegressor,25,1480.0,0.0,5,0.21657716237415733,0.006837965613888082,0.15904965375495594,0.0046435624697445,0.22591206847131834,0.017251597385550686,0.4904330917191033,0.019511831442265364,0.47559425215422024,0.018363286228353707
continuous_base_rating,content_quantity_interactions,Ridge,0,2704.0,0.0,5,0.40901552442245387,0.019970954971234654,0.2715082634941556,0.007508958305020858,0.0451295781371873,0.00585017947312473,0.29656167843579767,0.011543229714100276,0.24564617237074624,0.012861140983613326
continuous_base_rating,content_quantity_interactions,Ridge,25,1480.0,0.0,5,0.21658625980321317,0.005627277850448789,0.161030195149926,0.0032012939462273174,0.22576934814952923,0.007581828605868651,0.5008752273409586,0.004196299375820427,0.4813911310654083,0.005980221372989092
continuous_base_rating,content_quantity_plus_reliability,DummyRegressor,0,2704.0,0.0,5,0.41859027793386216,0.02000453570886403,0.28428189585536123,0.006942507531068329,-0.00017470897374072258,0.0002679809224760619,,,-9.370434034531713e-16,6.662239961798824e-16
continuous_base_rating,content_quantity_plus_reliability,DummyRegressor,25,1480.0,0.0,5,0.2461800996430758,0.006620258813121378,0.18657987043838967,0.0037626429544031846,-0.00018717833546362251,0.0003495938407491935,,,1.2682266983667044e-15,1.090445001663879e-15
continuous_base_rating,content_quantity_plus_reliability,HistGradientBoostingRegressor,0,2704.0,0.0,5,0.40144731598653804,0.01854891404172529,0.26531426428422505,0.007332510777735011,0.07994937217901661,0.005124615476145362,0.29018233389986003,0.025941021404421144,0.28715102868987863,0.013414543900299648
continuous_base_rating,content_quantity_plus_reliability,HistGradientBoostingRegressor,25,1480.0,0.0,5,0.21309446187926193,0.005679600565110616,0.15587251171189398,0.003859897568995181,0.250530839235436,0.009837513325939127,0.5073682862837288,0.008126820624186935,0.5016529308458171,0.010372201574221824
continuous_base_rating,content_quantity_plus_reliability,Ridge,0,2704.0,0.0,5,0.40486056296583567,0.020027987935200033,0.26930932678552294,0.007604091463221802,0.06447123867369733,0.007575115786916084,0.2915016878065404,0.013054997663856267,0.2750038921426231,0.012054166087822931
continuous_base_rating,content_quantity_plus_reliability,Ridge,25,1480.0,0.0,5,0.21295927229986242,0.0056355434744543055,0.1583841887052697,0.0030950352797603185,0.25149865780328345,0.007496884328249969,0.5173632627487881,0.009538225797723145,0.5069514828196191,0.00540524239425345
continuous_base_rating,full_content_quantity_interactions_plus_reliability,DummyRegressor,0,2704.0,0.0,5,0.41859027793386216,0.02000453570886403,0.28428189585536123,0.006942507531068329,-0.00017470897374072258,0.0002679809224760619,,,-9.370434034531713e-16,6.662239961798824e-16
continuous_base_rating,full_content_quantity_interactions_plus_reliability,DummyRegressor,25,1480.0,0.0,5,0.2461800996430758,0.006620258813121378,0.18657987043838967,0.0037626429544031846,-0.00018717833546362251,0.0003495938407491935,,,1.2682266983667044e-15,1.090445001663879e-15
continuous_base_rating,full_content_quantity_interactions_plus_reliability,HistGradientBoostingRegressor,0,2704.0,0.0,5,0.40184548084823357,0.018087902625452464,0.26540505923693236,0.0068942890916289775,0.07803420493111284,0.005884892660874367,0.2895711761964205,0.02085834598007667,0.2847298098711052,0.014098714278179311
continuous_base_rating,full_content_quantity_interactions_plus_reliability,HistGradientBoostingRegressor,25,1480.0,0.0,5,0.2138975576890393,0.006170712360822238,0.1565777339112951,0.0043169332369890415,0.2449658320980593,0.0077768491136592285,0.5026556619176034,0.009723044422573802,0.49565255850204026,0.008072292724036869
continuous_base_rating,full_content_quantity_interactions_plus_reliability,Ridge,0,2704.0,0.0,5,0.4049845441441627,0.02027496839986039,0.2693028297142087,0.007761099843883735,0.06394311533961303,0.0076578956114882945,0.29211121143695407,0.012483870022240188,0.2747102631473745,0.012784964215042292
continuous_base_rating,full_content_quantity_interactions_plus_reliability,Ridge,25,1480.0,0.0,5,0.21292933595307334,0.00548759437344204,0.15840431183961298,0.002795241612660451,0.2516865999269653,0.007542769795100624,0.5176019965457762,0.009367107485948168,0.5072362490018231,0.005020941420034756
continuous_bayes_global_m25,content_only_core,DummyRegressor,0,2704.0,0.0,5,0.15042675886316847,0.0029347164269210575,0.10794863147820204,0.002270178502493193,-0.00045087753832588894,0.0004579187477208349,,,2.9889601859691148e-15,3.904570194105427e-15
continuous_bayes_global_m25,content_only_core,DummyRegressor,25,1480.0,0.0,5,0.18810661360808253,0.006131123497886976,0.14427254025533373,0.0030324615887692267,-0.00020381264327982152,0.000423944787006582,,,5.268689737946655e-16,2.4225250931040423e-15
continuous_bayes_global_m25,content_only_core,HistGradientBoostingRegressor,0,2704.0,0.0,5,0.13480274856860297,0.0027096059575969886,0.09745490957154836,0.0022262243188449736,0.19658070322376042,0.005171628332411771,0.41283317731836144,0.01557640394216772,0.4454322946417455,0.00646357183429051
continuous_bayes_global_m25,content_only_core,HistGradientBoostingRegressor,25,1480.0,0.0,5,0.16289047168420662,0.00584072138374511,0.12243277280829974,0.0039778508192223555,0.2499762649896708,0.016353563838234036,0.5040702992898846,0.017328525120398217,0.5007154683166205,0.01641539660094211
continuous_bayes_global_m25,content_only_core,Ridge,0,2704.0,0.0,5,0.13697657956045567,0.003033300564604649,0.1012726265433439,0.0022799684974235393,0.17048502215240122,0.009643792068215199,0.39244030576107625,0.014279450390762189,0.4204915251166727,0.009807220941756626
continuous_bayes_global_m25,content_only_core,Ridge,25,1480.0,0.0,5,0.16370009994913198,0.0050055578299012075,0.12410898714624823,0.0028106568436051735,0.24239985564397185,0.007375503490533925,0.5069396949513408,0.010429482197145548,0.4980831874118275,0.006231554379290309
continuous_bayes_global_m25,content_plus_quantity,DummyRegressor,0,2704.0,0.0,5,0.15042675886316847,0.0029347164269210575,0.10794863147820204,0.002270178502493193,-0.00045087753832588894,0.0004579187477208349,,,2.9889601859691148e-15,3.904570194105427e-15
continuous_bayes_global_m25,content_plus_quantity,DummyRegressor,25,1480.0,0.0,5,0.18810661360808253,0.006131123497886976,0.14427254025533373,0.0030324615887692267,-0.00020381264327982152,0.000423944787006582,,,5.268689737946655e-16,2.4225250931040423e-15
continuous_bayes_global_m25,content_plus_quantity,HistGradientBoostingRegressor,0,2704.0,0.0,5,0.13479633768567015,0.002835652728245819,0.09743363343968509,0.0024344302333477474,0.19668522556181228,0.00436638887368096,0.41393672946339544,0.01156318656739764,0.44677872375408284,0.00580392235944252
continuous_bayes_global_m25,content_plus_quantity,HistGradientBoostingRegressor,25,1480.0,0.0,5,0.1626233229386588,0.005725035582579419,0.12213736388646153,0.003416370639303835,0.2524862783868134,0.01069599286583787,0.509336611862544,0.01451593297590194,0.503326781586542,0.01040424024777636
continuous_bayes_global_m25,content_plus_quantity,Ridge,0,2704.0,0.0,5,0.13759639161428544,0.002961584043706798,0.10134529938182088,0.00225444622292176,0.1628526690173528,0.017009218861959278,0.39395583310836796,0.014395363217017882,0.41516165591557275,0.013844941530220468
continuous_bayes_global_m25,content_plus_quantity,Ridge,25,1480.0,0.0,5,0.16353248293033162,0.00512156035691992,0.12396338249712775,0.002921444699603762,0.24399286070267365,0.005434230324741657,0.5100551162454853,0.00861806117302872,0.5001318071191218,0.005120167355066455
continuous_bayes_global_m25,content_plus_reliability,DummyRegressor,0,2704.0,0.0,5,0.15042675886316847,0.0029347164269210575,0.10794863147820204,0.002270178502493193,-0.00045087753832588894,0.0004579187477208349,,,2.9889601859691148e-15,3.904570194105427e-15
continuous_bayes_global_m25,content_plus_reliability,DummyRegressor,25,1480.0,0.0,5,0.18810661360808253,0.006131123497886976,0.14427254025533373,0.0030324615887692267,-0.00020381264327982152,0.000423944787006582,,,5.268689737946655e-16,2.4225250931040423e-15
continuous_bayes_global_m25,content_plus_reliability,HistGradientBoostingRegressor,0,2704.0,0.0,5,0.13065210731975113,0.003137527542557453,0.09328473994409944,0.00236630883206994,0.24536578760012215,0.00895308438159546,0.4733911738518512,0.018949755497602333,0.49722790086085744,0.008500511879213761
continuous_bayes_global_m25,content_plus_reliability,HistGradientBoostingRegressor,25,1480.0,0.0,5,0.15951685582378727,0.005369467844826625,0.11917117297581363,0.003884339732926726,0.2807633245777702,0.0034977919412056023,0.547888188723218,0.007389225847153799,0.5310989320050004,0.003242657431087633
continuous_bayes_global_m25,content_plus_reliability,Ridge,0,2704.0,0.0,5,0.13421320743018433,0.003290866979483435,0.09843331677402908,0.0025443050436141108,0.20365127460365778,0.012428481515469544,0.4581898534259217,0.015448961602776036,0.45692247897863636,0.012378603958813073
continuous_bayes_global_m25,content_plus_reliability,Ridge,25,1480.0,0.0,5,0.15950106359053645,0.004663785129955425,0.12040429354454711,0.00246654005442476,0.2807306695119772,0.005785721101354742,0.5510741322068708,0.010566846269985835,0.53459134121647,0.0035105662205179135
continuous_bayes_global_m25,content_quantity_interactions,DummyRegressor,0,2704.0,0.0,5,0.15042675886316847,0.0029347164269210575,0.10794863147820204,0.002270178502493193,-0.00045087753832588894,0.0004579187477208349,,,2.9889601859691148e-15,3.904570194105427e-15
continuous_bayes_global_m25,content_quantity_interactions,DummyRegressor,25,1480.0,0.0,5,0.18810661360808253,0.006131123497886976,0.14427254025533373,0.0030324615887692267,-0.00020381264327982152,0.000423944787006582,,,5.268689737946655e-16,2.4225250931040423e-15
continuous_bayes_global_m25,content_quantity_interactions,HistGradientBoostingRegressor,0,2704.0,0.0,5,0.13502466644757583,0.0025351269533010665,0.09756456723020854,0.0022783349421154806,0.19390340402265893,0.0046288824132873566,0.4121057027688265,0.015853591415223498,0.44261635518550557,0.006214320314101605
continuous_bayes_global_m25,content_quantity_interactions,HistGradientBoostingRegressor,25,1480.0,0.0,5,0.16272541820822412,0.005474752850055164,0.12207461336079224,0.0033678830576544462,0.2514855407524695,0.010525657757561011,0.5095268924700077,0.016969994018786343,0.502298327395063,0.010521047821450734
continuous_bayes_global_m25,content_quantity_interactions,Ridge,0,2704.0,0.0,5,0.13762862049674993,0.0028723626903856304,0.10130919116660615,0.0022314906216938696,0.16246743845014905,0.015383436348107285,0.3948339155346784,0.013630420647956654,0.4150887409148205,0.012180076198349757
continuous_bayes_global_m25,content_quantity_interactions,Ridge,25,1480.0,0.0,5,0.1634753865567269,0.004963285520838875,0.12386810692587233,0.0027704058246111056,0.24446974640962726,0.0076155570166394565,0.5107497532090376,0.008551536775718504,0.5007086072438796,0.006370897799459539
continuous_bayes_global_m25,content_quantity_plus_reliability,DummyRegressor,0,2704.0,0.0,5,0.15042675886316847,0.0029347164269210575,0.10794863147820204,0.002270178502493193,-0.00045087753832588894,0.0004579187477208349,,,2.9889601859691148e-15,3.904570194105427e-15
continuous_bayes_global_m25,content_quantity_plus_reliability,DummyRegressor,25,1480.0,0.0,5,0.18810661360808253,0.006131123497886976,0.14427254025533373,0.0030324615887692267,-0.00020381264327982152,0.000423944787006582,,,5.268689737946655e-16,2.4225250931040423e-15
continuous_bayes_global_m25,content_quantity_plus_reliability,HistGradientBoostingRegressor,0,2704.0,0.0,5,0.13065074294119614,0.003399453922381829,0.09316110463862493,0.0025463134226877304,0.24542828461505123,0.010159525664271231,0.47196680971525506,0.013814346429276769,0.49761331682910104,0.00957970661071289
continuous_bayes_global_m25,content_quantity_plus_reliability,HistGradientBoostingRegressor,25,1480.0,0.0,5,0.15937774610582048,0.0055307144989147706,0.1190763835325239,0.0036253299309369053,0.2820567710537924,0.003347061484923611,0.5498742275325936,0.005878808644179157,0.5323053651959063,0.0024104538143149665
continuous_bayes_global_m25,content_quantity_plus_reliability,Ridge,0,2704.0,0.0,5,0.13461402030766978,0.0031916816969363394,0.09846293646938112,0.0024921764092487478,0.1988140896512223,0.016066194618918617,0.45835808340660505,0.015145188819943771,0.45339878778925946,0.01450474882728675
continuous_bayes_global_m25,content_quantity_plus_reliability,Ridge,25,1480.0,0.0,5,0.1594377175137665,0.004767380546046832,0.1202964546526883,0.002522438911732165,0.28133559491175225,0.003982664521491647,0.5533454124550573,0.008945420025733656,0.5356116906501386,0.0017142994423437541
continuous_bayes_global_m25,full_content_quantity_interactions_plus_reliability,DummyRegressor,0,2704.0,0.0,5,0.15042675886316847,0.0029347164269210575,0.10794863147820204,0.002270178502493193,-0.00045087753832588894,0.0004579187477208349,,,2.9889601859691148e-15,3.904570194105427e-15
continuous_bayes_global_m25,full_content_quantity_interactions_plus_reliability,DummyRegressor,25,1480.0,0.0,5,0.18810661360808253,0.006131123497886976,0.14427254025533373,0.0030324615887692267,-0.00020381264327982152,0.000423944787006582,,,5.268689737946655e-16,2.4225250931040423e-15
continuous_bayes_global_m25,full_content_quantity_interactions_plus_reliability,HistGradientBoostingRegressor,0,2704.0,0.0,5,0.13066297803695942,0.0034371606431410954,0.09318348530660217,0.0025765884417051376,0.24528306634735947,0.011281223672913553,0.4705708078590588,0.01475687814920452,0.49706113664339924,0.01097159030180199
continuous_bayes_global_m25,full_content_quantity_interactions_plus_reliability,HistGradientBoostingRegressor,25,1480.0,0.0,5,0.15978727267568593,0.00512665091255946,0.11916134029283998,0.0034165188263432958,0.2782562117381523,0.004630238823154238,0.5464706671302807,0.0068823167332361735,0.528792700794712,0.004938064409881939
continuous_bayes_global_m25,full_content_quantity_interactions_plus_reliability,Ridge,0,2704.0,0.0,5,0.13463825473276464,0.0030992345539875682,0.09837242180645021,0.00242625637020625,0.19852512485685886,0.014796540203338069,0.45936594015937926,0.014655799446368929,0.45339929180072785,0.013280597578496884
continuous_bayes_global_m25,full_content_quantity_interactions_plus_reliability,Ridge,25,1480.0,0.0,5,0.1594315477437199,0.004613548284689133,0.12029241292224926,0.0023299073047044097,0.2813526205704696,0.0050951727781590175,0.5532541317829095,0.008988001123846737,0.5357493612358369,0.0019349130839732478
continuous_category_residual,content_only_core,DummyRegressor,0,2704.0,0.0,5,0.4167585130557245,0.019819370042755784,0.2825126600962654,0.006983985151018457,-0.0001503877772078166,0.0002342589587742178,,,9.80700431128381e-18,1.6445021568231695e-17
continuous_category_residual,content_only_core,DummyRegressor,25,1480.0,0.0,5,0.2445943488585643,0.006876165069483143,0.18555749140698496,0.0039110555658313844,-0.00015198067761295063,0.0002852039889721909,,,-1.5308633458086853e-17,9.871710739609043e-18
continuous_category_residual,content_only_core,HistGradientBoostingRegressor,0,2704.0,0.0,5,0.40436743378575224,0.0185489922648599,0.26852326362004864,0.006508109617486728,0.05831024837824739,0.004211200239601341,0.2826339476373108,0.015005330432624071,0.24470336048433455,0.010908474446281093
continuous_category_residual,content_only_core,HistGradientBoostingRegressor,25,1480.0,0.0,5,0.21663718196447673,0.006989504879644353,0.16036253261290223,0.004620184409820339,0.21538930902095244,0.019009447915964733,0.47914782163655445,0.019107521901106376,0.4642850223528125,0.02062772121006676
continuous_category_residual,content_only_core,Ridge,0,2704.0,0.0,5,0.40698544267991255,0.02029603345062747,0.2705082600176948,0.0076095972446648345,0.046368786202799675,0.007724261738342462,0.2877474661632791,0.016757562017579275,0.238697203449393,0.014409118506873809
continuous_category_residual,content_only_core,Ridge,25,1480.0,0.0,5,0.21675483374755297,0.0055121082586300175,0.16134901285577227,0.0032622528921034347,0.21443552978688923,0.008439953728588316,0.4915513747353287,0.007947556387708079,0.46917456504045657,0.006836547960172736
continuous_category_residual,content_plus_quantity,DummyRegressor,0,2704.0,0.0,5,0.4167585130557245,0.019819370042755784,0.2825126600962654,0.006983985151018457,-0.0001503877772078166,0.0002342589587742178,,,9.80700431128381e-18,1.6445021568231695e-17
continuous_category_residual,content_plus_quantity,DummyRegressor,25,1480.0,0.0,5,0.2445943488585643,0.006876165069483143,0.18555749140698496,0.0039110555658313844,-0.00015198067761295063,0.0002852039889721909,,,-1.5308633458086853e-17,9.871710739609043e-18
continuous_category_residual,content_plus_quantity,HistGradientBoostingRegressor,0,2704.0,0.0,5,0.40408438354340515,0.01858345493972281,0.2683930005948048,0.006646276140823757,0.059633422464694295,0.005464296342689121,0.2820013712876519,0.022091587093454934,0.2486741632439271,0.016838375587648738
continuous_category_residual,content_plus_quantity,HistGradientBoostingRegressor,25,1480.0,0.0,5,0.21627903057907377,0.006778204770349683,0.15964635255891657,0.004284282708597418,0.21793951192860117,0.01920269742172919,0.4859233767215315,0.01650896174234039,0.46727038644263985,0.02070588782139483
continuous_category_residual,content_plus_quantity,Ridge,0,2704.0,0.0,5,0.40889575488291985,0.019667105157559397,0.2714753609314619,0.007354061930489457,0.03726508284809884,0.006140338475182132,0.28423921268934865,0.014921454296066497,0.22988275516933543,0.012351225882675546
continuous_category_residual,content_plus_quantity,Ridge,25,1480.0,0.0,5,0.21667498114636255,0.005775858333495654,0.16107065522013797,0.003320278286237006,0.21506431383680474,0.007346979038279724,0.4947500442946393,0.006119433792735958,0.4705864611038808,0.005999079621993944
continuous_category_residual,content_plus_reliability,DummyRegressor,0,2704.0,0.0,5,0.4167585130557245,0.019819370042755784,0.2825126600962654,0.006983985151018457,-0.0001503877772078166,0.0002342589587742178,,,9.80700431128381e-18,1.6445021568231695e-17
continuous_category_residual,content_plus_reliability,DummyRegressor,25,1480.0,0.0,5,0.2445943488585643,0.006876165069483143,0.18555749140698496,0.0039110555658313844,-0.00015198067761295063,0.0002852039889721909,,,-1.5308633458086853e-17,9.871710739609043e-18
continuous_category_residual,content_plus_reliability,HistGradientBoostingRegressor,0,2704.0,0.0,5,0.4019601376023173,0.01831646777139801,0.26653055150189264,0.008129685608478225,0.06943818733302995,0.009294785964785909,0.2815700978621358,0.028957081613493547,0.271807841859382,0.01797879392802155
continuous_category_residual,content_plus_reliability,HistGradientBoostingRegressor,25,1480.0,0.0,5,0.2140844622365221,0.00611688108935497,0.1576274789994164,0.004233747106518739,0.2337576343327033,0.01039788131576234,0.49365195417653795,0.008499827888735469,0.4844293535229567,0.011120012193524714
continuous_category_residual,content_plus_reliability,Ridge,0,2704.0,0.0,5,0.40328032553518706,0.019910359327281107,0.26842706623107976,0.007822851037327574,0.06362298187500907,0.005865225207975626,0.2837020628122943,0.017277468173775304,0.2682981099921991,0.010760836912050297
continuous_category_residual,content_plus_reliability,Ridge,25,1480.0,0.0,5,0.21293349200551287,0.005390710222194479,0.15849358529351348,0.0030061890944548105,0.2419093248763499,0.005039802840211075,0.5099385351344415,0.00912666916121562,0.4970227057448492,0.0024829505038705033
continuous_category_residual,content_quantity_interactions,DummyRegressor,0,2704.0,0.0,5,0.4167585130557245,0.019819370042755784,0.2825126600962654,0.006983985151018457,-0.0001503877772078166,0.0002342589587742178,,,9.80700431128381e-18,1.6445021568231695e-17
continuous_category_residual,content_quantity_interactions,DummyRegressor,25,1480.0,0.0,5,0.2445943488585643,0.006876165069483143,0.18555749140698496,0.0039110555658313844,-0.00015198067761295063,0.0002852039889721909,,,-1.5308633458086853e-17,9.871710739609043e-18
continuous_category_residual,content_quantity_interactions,HistGradientBoostingRegressor,0,2704.0,0.0,5,0.40424426157150906,0.018295231095211716,0.2682539545805822,0.006205279619983391,0.05882633859902018,0.00761578384546573,0.28416212752682346,0.021161005532597334,0.24556917816864168,0.01997131449584077
continuous_category_residual,content_quantity_interactions,HistGradientBoostingRegressor,25,1480.0,0.0,5,0.21619445030008277,0.006373335484094703,0.1598166135812522,0.004172244029213819,0.2185046765205742,0.01787994855834875,0.4854297601967813,0.019797860743500262,0.46799502740653576,0.019202621830816623
continuous_category_residual,content_quantity_interactions,Ridge,0,2704.0,0.0,5,0.4090155185317329,0.019970865358314625,0.27150834685205555,0.007508868749267954,0.036758317518691117,0.005903604379094504,0.284553035243358,0.014831259268332859,0.22966072022919287,0.013092185804184399
continuous_category_residual,content_quantity_interactions,Ridge,25,1480.0,0.0,5,0.21658638784609657,0.005627263161393221,0.16103055514715484,0.0032010772464875297,0.21567558350555824,0.008330613144559487,0.4953512039681228,0.005654605619905755,0.4713101568482762,0.006559883887407432
continuous_category_residual,content_quantity_plus_reliability,DummyRegressor,0,2704.0,0.0,5,0.4167585130557245,0.019819370042755784,0.2825126600962654,0.006983985151018457,-0.0001503877772078166,0.0002342589587742178,,,9.80700431128381e-18,1.6445021568231695e-17
continuous_category_residual,content_quantity_plus_reliability,DummyRegressor,25,1480.0,0.0,5,0.2445943488585643,0.006876165069483143,0.18555749140698496,0.0039110555658313844,-0.00015198067761295063,0.0002852039889721909,,,-1.5308633458086853e-17,9.871710739609043e-18
continuous_category_residual,content_quantity_plus_reliability,HistGradientBoostingRegressor,0,2704.0,0.0,5,0.40205742558254637,0.018339234806680944,0.26689969872671176,0.007770806589490877,0.06899371469781765,0.009017235565261189,0.27946947374240094,0.03244787803125793,0.270165918326023,0.018069861829998923
continuous_category_residual,content_quantity_plus_reliability,HistGradientBoostingRegressor,25,1480.0,0.0,5,0.2137592463451432,0.006554557683555968,0.15745696201355247,0.004626576960065638,0.23610595212067348,0.01460330329930297,0.497008601260843,0.014625119060118168,0.4867664237714345,0.015438643862150351
continuous_category_residual,content_quantity_plus_reliability,Ridge,0,2704.0,0.0,5,0.4048605577668785,0.020027905647684453,0.2693094067639296,0.007604015801637663,0.05626839995136683,0.00781798853997736,0.2810094729250724,0.015241007234739144,0.2605055748502397,0.012497040133341748
continuous_category_residual,content_quantity_plus_reliability,Ridge,25,1480.0,0.0,5,0.21295941111604416,0.005635422322907771,0.15838452561814487,0.003094748955739129,0.24175528822861403,0.006203439007245076,0.512360949231922,0.0074308980660515245,0.49762435195958077,0.0035023537174989614
continuous_category_residual,full_content_quantity_interactions_plus_reliability,DummyRegressor,0,2704.0,0.0,5,0.4167585130557245,0.019819370042755784,0.2825126600962654,0.006983985151018457,-0.0001503877772078166,0.0002342589587742178,,,9.80700431128381e-18,1.6445021568231695e-17
continuous_category_residual,full_content_quantity_interactions_plus_reliability,DummyRegressor,25,1480.0,0.0,5,0.2445943488585643,0.006876165069483143,0.18555749140698496,0.0039110555658313844,-0.00015198067761295063,0.0002852039889721909,,,-1.5308633458086853e-17,9.871710739609043e-18
continuous_category_residual,full_content_quantity_interactions_plus_reliability,HistGradientBoostingRegressor,0,2704.0,0.0,5,0.4010400442188903,0.018027132289780697,0.26552990834949786,0.007161322106113374,0.07366453252258261,0.00638441636449926,0.2849296584006172,0.025310289893646275,0.27603654753532636,0.014348953013168991
continuous_category_residual,full_content_quantity_interactions_plus_reliability,HistGradientBoostingRegressor,25,1480.0,0.0,5,0.21354593109806705,0.006386690321098047,0.15711507292361165,0.004308503949256295,0.23764445850654603,0.011256015610376677,0.5001673683950721,0.00998220237946621,0.48853452361881305,0.011495640658942659
continuous_category_residual,full_content_quantity_interactions_plus_reliability,Ridge,0,2704.0,0.0,5,0.4049845384266722,0.020274893927963375,0.2693029117973707,0.007761026216316372,0.05573599221304837,0.00784673654333683,0.28145668401758583,0.014769015153809427,0.2601930289200281,0.01311277235093811
continuous_category_residual,full_content_quantity_interactions_plus_reliability,Ridge,25,1480.0,0.0,5,0.21292946404146246,0.00548748661765456,0.15840466236540934,0.002794978597994924,0.2419427127589467,0.006709606449538457,0.5125635010854627,0.006567999694823186,0.49792769344508514,0.0034891257523467878
