seed,target,feature_set,model,min_rating_count_filter,n_obs,rmse,mae,r2,spearman,pearson
11,continuous_base_rating,content_only_core,DummyRegressor,0,2704,0.4126741212889142,0.278460816055796,-1.752065936866387e-05,,
11,continuous_base_rating,content_only_core,Ridge,0,2704,0.4032001848314973,0.2653686895917431,0.04537108720891048,0.296280024247321,0.24295520717501637
11,continuous_base_rating,content_only_core,HistGradientBoostingRegressor,0,2704,0.4015259658434537,0.2623321286618632,0.05328249036678068,0.2790058127883994,0.23382163644368842
11,continuous_bayes_global_m25,content_only_core,DummyRegressor,0,2704,0.14877674364980104,0.1065308004729343,-0.0007505450069309472,,
11,continuous_bayes_global_m25,content_only_core,Ridge,0,2704,0.13550088211611439,0.09925743130828521,0.16988171040833555,0.3993489634718165,0.4208358860730957
11,continuous_bayes_global_m25,content_only_core,HistGradientBoostingRegressor,0,2704,0.1330369898672501,0.0954944479284406,0.19979629606988158,0.41798000086865705,0.4486515906325502
11,continuous_category_residual,content_only_core,DummyRegressor,0,2704,0.41089662808710453,0.2760459657560077,-6.238122914226096e-06,,3.2775261353142333e-17
11,continuous_category_residual,content_only_core,Ridge,0,2704,0.403200147378789,0.2653687368571631,0.03710502823501549,0.27853942730433084,0.22706390564180814
11,continuous_category_residual,content_only_core,HistGradientBoostingRegressor,0,2704,0.39915289624083383,0.26108077342397856,0.0563387448383279,0.2843690645335189,0.23887652513708887
22,continuous_base_rating,content_only_core,DummyRegressor,0,2704,0.3866809422938481,0.27580806828704474,-0.0001091111385740362,,-4.659518979651758e-16
22,continuous_base_rating,content_only_core,Ridge,0,2704,0.37364980484272015,0.2603611111868449,0.06616237753068721,0.31448004594045803,0.2780540188248179
22,continuous_base_rating,content_only_core,HistGradientBoostingRegressor,0,2704,0.373774149750234,0.26028166552375254,0.06554074051962511,0.28385560358174283,0.2568024765200301
22,continuous_bayes_global_m25,content_only_core,DummyRegressor,0,2704,0.1499195829705524,0.10598126212184916,-0.0002417217218657619,,
22,continuous_bayes_global_m25,content_only_core,Ridge,0,2704,0.13699046906157622,0.10005795189301414,0.16484143342638846,0.3923488483040481,0.41595242313959185
22,continuous_bayes_global_m25,content_only_core,HistGradientBoostingRegressor,0,2704,0.13423791830760196,0.09528438099914205,0.19806595318683684,0.41753515290142806,0.44718043088194104
22,continuous_category_residual,content_only_core,DummyRegressor,0,2704,0.38512067437123737,0.27439674637537675,-0.00010408532443584306,,-3.1985310020657635e-18
22,continuous_category_residual,content_only_core,Ridge,0,2704,0.3736498993127461,0.2603613986788605,0.05858465361024512,0.30559706713664,0.2634061524357848
22,continuous_category_residual,content_only_core,HistGradientBoostingRegressor,0,2704,0.374458193662408,0.2621895341615054,0.05450723378383071,0.26670009254767335,0.23445301415893222
33,continuous_base_rating,content_only_core,DummyRegressor,0,2704,0.42543437749401336,0.28556021744412846,-8.84180619609154e-06,,
33,continuous_base_rating,content_only_core,Ridge,0,2704,0.4136295351966666,0.27343080553097204,0.054717184093573734,0.28775815836859936,0.2560715736406394
33,continuous_base_rating,content_only_core,HistGradientBoostingRegressor,0,2704,0.4137926778753919,0.27342610732737194,0.05397136509205391,0.26356421788966067,0.2396515835797554
33,continuous_bayes_global_m25,content_only_core,DummyRegressor,0,2704,0.14859526734266099,0.10674213659167908,-7.397072552484119e-05,,4.024345853795075e-15
33,continuous_bayes_global_m25,content_only_core,Ridge,0,2704,0.13576329978258028,0.1014387299366648,0.16519135303266097,0.37610141205559283,0.4182662670663754
33,continuous_bayes_global_m25,content_only_core,HistGradientBoostingRegressor,0,2704,0.1338712140890065,0.09778985911931352,0.18829808106345258,0.38524353697827146,0.43428634272919664
33,continuous_category_residual,content_only_core,DummyRegressor,0,2704,0.42342225284842994,0.2840782844471857,-5.181500724038557e-07,,1.5902808329194858e-17
33,continuous_category_residual,content_only_core,Ridge,0,2704,0.4136294908472267,0.2734308294467832,0.045719918891711786,0.27411272873294273,0.23862401171000588
33,continuous_category_residual,content_only_core,HistGradientBoostingRegressor,0,2704,0.41161217108749687,0.27219437311931033,0.05500549289347967,0.26852621105265717,0.23804729946348427
44,continuous_base_rating,content_only_core,DummyRegressor,0,2704,0.43085962838962566,0.290176568003555,-9.046226727638107e-05,,-1.4081349089411666e-15
44,continuous_base_rating,content_only_core,Ridge,0,2704,0.4196190521343638,0.27375083183007837,0.05141101517059388,0.31258032330908786,0.24517290806985753
44,continuous_base_rating,content_only_core,HistGradientBoostingRegressor,0,2704,0.41630901850342256,0.2698659273936153,0.06631728560049666,0.3132139983178518,0.25950515685593695
44,continuous_bayes_global_m25,content_only_core,DummyRegressor,0,2704,0.14924609555450863,0.10907473719659637,-0.0011050260611122908,,6.271484555038345e-15
44,continuous_bayes_global_m25,content_only_core,Ridge,0,2704,0.13446862745700472,0.10050933483317197,0.18732737805151145,0.4122939011995805,0.4367100666870812
44,continuous_bayes_global_m25,content_only_core,HistGradientBoostingRegressor,0,2704,0.13329196054741219,0.09794713099405812,0.20148772448504249,0.4229962878652151,0.45079882254677406
44,continuous_category_residual,content_only_core,DummyRegressor,0,2704,0.4293409446170198,0.2886705160440507,-7.949299453446912e-05,,1.224132605310319e-17
44,continuous_category_residual,content_only_core,Ridge,0,2704,0.41961920479450177,0.2737510338417705,0.04469814757190449,0.3063917369351426,0.231986600951045
44,continuous_category_residual,content_only_core,HistGradientBoostingRegressor,0,2704,0.4157185427619355,0.2714100043683312,0.0623760339034114,0.30148212422642545,0.25193148336956184
55,continuous_base_rating,content_only_core,DummyRegressor,0,2704,0.4373023202029097,0.2914038094862819,-0.0006476089972884402,,
55,continuous_base_rating,content_only_core,Ridge,0,2704,0.424828625283555,0.2796293507786395,0.055623561720640646,0.2872782616928869,0.25022272154757724
55,continuous_base_rating,content_only_core,HistGradientBoostingRegressor,0,2704,0.4219074740954711,0.2766533984401826,0.06856610749160141,0.3077399467737939,0.2739922625246147
55,continuous_bayes_global_m25,content_only_core,DummyRegressor,0,2704,0.15559610479831926,0.11141422100795129,-8.312417619560364e-05,,-1.3289498509260756e-15
55,continuous_bayes_global_m25,content_only_core,Ridge,0,2704,0.1421596193850028,0.10509968474558333,0.16518323584310968,0.38210840377434335,0.41069298261721954
55,continuous_bayes_global_m25,content_only_core,HistGradientBoostingRegressor,0,2704,0.1395756600317441,0.10075872881678749,0.19525546131358862,0.42041090797823527,0.44624428641826563
55,continuous_category_residual,content_only_core,DummyRegressor,0,2704,0.43501206535483083,0.2893717878587062,-0.0005616042940821409,,-8.685843176955561e-18
55,continuous_category_residual,content_only_core,Ridge,0,2704,0.424828471066299,0.27962930126389673,0.045736182705121475,0.27409637070733944,0.23240534650832126
55,continuous_category_residual,content_only_core,HistGradientBoostingRegressor,0,2704,0.4208953651760873,0.27574163302711774,0.06332373647218725,0.2920922458262791,0.2602084802926056
11,continuous_base_rating,content_plus_reliability,DummyRegressor,0,2704,0.4126741212889142,0.278460816055796,-1.752065936866387e-05,,
11,continuous_base_rating,content_plus_reliability,Ridge,0,2704,0.39896200606524346,0.26374160932701346,0.06533449131622171,0.29843128988847845,0.27605899297030045
11,continuous_base_rating,content_plus_reliability,HistGradientBoostingRegressor,0,2704,0.3971590185956236,0.257907091587219,0.07376327562421658,0.29040902442088695,0.2719258290161049
11,continuous_bayes_global_m25,content_plus_reliability,DummyRegressor,0,2704,0.14877674364980104,0.1065308004729343,-0.0007505450069309472,,
11,continuous_bayes_global_m25,content_plus_reliability,Ridge,0,2704,0.13223067897775423,0.09610870030071411,0.2094666547701216,0.47079315412476935,0.46385951382966134
11,continuous_bayes_global_m25,content_plus_reliability,HistGradientBoostingRegressor,0,2704,0.1290955641254353,0.091720975701326,0.24650846632714263,0.4686017370754395,0.49708926344008086
11,continuous_category_residual,content_plus_reliability,DummyRegressor,0,2704,0.41089662808710453,0.2760459657560077,-6.238122914226096e-06,,3.2775261353142333e-17
11,continuous_category_residual,content_plus_reliability,Ridge,0,2704,0.39896197706466724,0.2637416191374189,0.05724125585174089,0.28340555413019825,0.2617955273512918
11,continuous_category_residual,content_plus_reliability,HistGradientBoostingRegressor,0,2704,0.39614342737647207,0.2567390919604322,0.0705148322949316,0.3030278179753784,0.2661722134848051
22,continuous_base_rating,content_plus_reliability,DummyRegressor,0,2704,0.3866809422938481,0.27580806828704474,-0.0001091111385740362,,-4.659518979651758e-16
22,continuous_base_rating,content_plus_reliability,Ridge,0,2704,0.3707476495775483,0.25772995645690133,0.08061236165920482,0.30959717906017836,0.3007145886410593
22,continuous_base_rating,content_plus_reliability,HistGradientBoostingRegressor,0,2704,0.37149140190167035,0.2576354662825814,0.07691991709938129,0.28548474763097054,0.2789236767500701
22,continuous_bayes_global_m25,content_plus_reliability,DummyRegressor,0,2704,0.1499195829705524,0.10598126212184916,-0.0002417217218657619,,
22,continuous_bayes_global_m25,content_plus_reliability,Ridge,0,2704,0.1342615474103918,0.09701367362582279,0.19778360897292013,0.4572437260610704,0.45194325607463676
22,continuous_bayes_global_m25,content_plus_reliability,HistGradientBoostingRegressor,0,2704,0.12999150654425812,0.09088804396470473,0.24799939687772188,0.4793156699509341,0.500581609866985
22,continuous_category_residual,content_plus_reliability,DummyRegressor,0,2704,0.38512067437123737,0.27439674637537675,-0.00010408532443584306,,-3.1985310020657635e-18
22,continuous_category_residual,content_plus_reliability,Ridge,0,2704,0.3707477456575095,0.2577301592497148,0.07315188194147604,0.3011874483519643,0.2874047635659049
22,continuous_category_residual,content_plus_reliability,HistGradientBoostingRegressor,0,2704,0.3725022529215282,0.25939910841012676,0.06435878983861287,0.2579071316069827,0.2540755763032823
33,continuous_base_rating,content_plus_reliability,DummyRegressor,0,2704,0.42543437749401336,0.28556021744412846,-8.84180619609154e-06,,
33,continuous_base_rating,content_plus_reliability,Ridge,0,2704,0.4102098220480228,0.2718099254449725,0.07028296427019176,0.2753630591962563,0.281071249674205
33,continuous_base_rating,content_plus_reliability,HistGradientBoostingRegressor,0,2704,0.4091012322586644,0.27082282648685607,0.07530128446133477,0.2576336909175366,0.2815096642383033
33,continuous_bayes_global_m25,content_plus_reliability,DummyRegressor,0,2704,0.14859526734266099,0.10674213659167908,-7.397072552484119e-05,,4.024345853795075e-15
33,continuous_bayes_global_m25,content_plus_reliability,Ridge,0,2704,0.13327121997976307,0.09877842277327172,0.19555767006131064,0.4389630721264096,0.45079070806513816
33,continuous_bayes_global_m25,content_plus_reliability,HistGradientBoostingRegressor,0,2704,0.12950063912700802,0.09347239906410237,0.24043316795234204,0.4468961713372213,0.4912907032461201
33,continuous_category_residual,content_plus_reliability,DummyRegressor,0,2704,0.42342225284842994,0.2840782844471857,-5.181500724038557e-07,,1.5902808329194858e-17
33,continuous_category_residual,content_plus_reliability,Ridge,0,2704,0.41020977835737826,0.2718099366799847,0.06143385387057865,0.26222492034148565,0.26527040787056694
33,continuous_category_residual,content_plus_reliability,HistGradientBoostingRegressor,0,2704,0.41131436316544684,0.27402171818605453,0.056372435184695036,0.2442616548737162,0.25720219186314935
44,continuous_base_rating,content_plus_reliability,DummyRegressor,0,2704,0.43085962838962566,0.290176568003555,-9.046226727638107e-05,,-1.4081349089411666e-15
44,continuous_base_rating,content_plus_reliability,Ridge,0,2704,0.4156906157129778,0.2708930007437827,0.06908908793600643,0.30479140632726753,0.27458694186037813
44,continuous_base_rating,content_plus_reliability,HistGradientBoostingRegressor,0,2704,0.4127878504261723,0.26886599897340197,0.08204478623437395,0.3121686160059965,0.30017170915180386
44,continuous_bayes_global_m25,content_plus_reliability,DummyRegressor,0,2704,0.14924609555450863,0.10907473719659637,-0.0011050260611122908,,6.271484555038345e-15
44,continuous_bayes_global_m25,content_plus_reliability,Ridge,0,2704,0.1315062422095503,0.09762505553428213,0.22273981596873405,0.47605699939083995,0.47472083410759525
44,continuous_bayes_global_m25,content_plus_reliability,HistGradientBoostingRegressor,0,2704,0.12849470523465586,0.09329285275008874,0.2579312379192744,0.49939004287615424,0.5095162902600333
44,continuous_category_residual,content_plus_reliability,DummyRegressor,0,2704,0.4293409446170198,0.2886705160440507,-7.949299453446912e-05,,1.224132605310319e-17
44,continuous_category_residual,content_plus_reliability,Ridge,0,2704,0.41569076116767534,0.2708931736648817,0.06250134858402279,0.3002987860686819,0.2628718611453301
44,continuous_category_residual,content_plus_reliability,HistGradientBoostingRegressor,0,2704,0.4120102905365484,0.2683274648646413,0.07902883354475077,0.3103017640207086,0.2932880596814606
55,continuous_base_rating,content_plus_reliability,DummyRegressor,0,2704,0.4373023202029097,0.2914038094862819,-0.0006476089972884402,,
55,continuous_base_rating,content_plus_reliability,Ridge,0,2704,0.42079149226431667,0.27796043481259547,0.07348703745583718,0.2826948242529863,0.28051379541688315
55,continuous_base_rating,content_plus_reliability,HistGradientBoostingRegressor,0,2704,0.4185952825907281,0.2733580594879854,0.0831331765771327,0.29974734269101305,0.2956553219488365
55,continuous_bayes_global_m25,content_plus_reliability,DummyRegressor,0,2704,0.15559610479831926,0.11141422100795129,-8.312417619560364e-05,,-1.3289498509260756e-15
55,continuous_bayes_global_m25,content_plus_reliability,Ridge,0,2704,0.1397963485734623,0.10264073163605468,0.19270862324520255,0.4478923154265193,0.4432980828161504
55,continuous_bayes_global_m25,content_plus_reliability,HistGradientBoostingRegressor,0,2704,0.13617812156739845,0.09704942824027536,0.2339566689241297,0.4727522480195067,0.48766163749106795
55,continuous_category_residual,content_plus_reliability,DummyRegressor,0,2704,0.43501206535483083,0.2893717878587062,-0.0005616042940821409,,-8.685843176955561e-18
55,continuous_category_residual,content_plus_reliability,Ridge,0,2704,0.42079136542870504,0.2779604424233986,0.06378656912722702,0.27139360516914157,0.2641479900279017
55,continuous_category_residual,content_plus_reliability,HistGradientBoostingRegressor,0,2704,0.41783035401159124,0.27416537408820857,0.0769160458021595,0.29235212083389317,0.28830116796421273
11,continuous_base_rating,content_plus_quantity,DummyRegressor,0,2704,0.4126741212889142,0.278460816055796,-1.752065936866387e-05,,
11,continuous_base_rating,content_plus_quantity,Ridge,0,2704,0.40415893282690557,0.26632295488996494,0.040825768277595875,0.2919884772816989,0.23852375673698062
11,continuous_base_rating,content_plus_quantity,HistGradientBoostingRegressor,0,2704,0.4011474473084413,0.26196505679189314,0.055066590260445136,0.28526237218008055,0.2370817740433756
11,continuous_bayes_global_m25,content_plus_quantity,DummyRegressor,0,2704,0.14877674364980104,0.1065308004729343,-0.0007505450069309472,,
11,continuous_bayes_global_m25,content_plus_quantity,Ridge,0,2704,0.13546056799845457,0.09912625923565965,0.1703755892313038,0.4005778037472265,0.42172704754481155
11,continuous_bayes_global_m25,content_plus_quantity,HistGradientBoostingRegressor,0,2704,0.13274843598088215,0.09510199603298759,0.20326377498216763,0.4209604917245626,0.45461378895408966
11,continuous_category_residual,content_plus_quantity,DummyRegressor,0,2704,0.41089662808710453,0.2760459657560077,-6.238122914226096e-06,,3.2775261353142333e-17
11,continuous_category_residual,content_plus_quantity,Ridge,0,2704,0.40415887241320086,0.26632295188198785,0.03252046123577246,0.2737195673056478,0.22233019547623717
11,continuous_category_residual,content_plus_quantity,HistGradientBoostingRegressor,0,2704,0.3994310384226115,0.261045032573048,0.05502314145837606,0.28340063938240956,0.23523545252620942
22,continuous_base_rating,content_plus_quantity,DummyRegressor,0,2704,0.3866809422938481,0.27580806828704474,-0.0001091111385740362,,-4.659518979651758e-16
22,continuous_base_rating,content_plus_quantity,Ridge,0,2704,0.3767189682010986,0.26180436818668734,0.0507582677752646,0.3093765831155716,0.266595761564003
22,continuous_base_rating,content_plus_quantity,HistGradientBoostingRegressor,0,2704,0.3734188919070947,0.2599831219697264,0.06731623097044881,0.28707923126349477,0.26049167686844454
22,continuous_bayes_global_m25,content_plus_quantity,DummyRegressor,0,2704,0.1499195829705524,0.10598126212184916,-0.0002417217218657619,,
22,continuous_bayes_global_m25,content_plus_quantity,Ridge,0,2704,0.13860242128497577,0.10032618713399591,0.145071354186879,0.39449908427406283,0.40211432166528815
22,continuous_bayes_global_m25,content_plus_quantity,HistGradientBoostingRegressor,0,2704,0.1344885938668889,0.09515510588039175,0.19506809736074981,0.4191353122804967,0.4438771380030503
22,continuous_category_residual,content_plus_quantity,DummyRegressor,0,2704,0.38512067437123737,0.27439674637537675,-0.00010408532443584306,,-3.1985310020657635e-18
22,continuous_category_residual,content_plus_quantity,Ridge,0,2704,0.3767191472609477,0.2618046393520505,0.04305511977175969,0.3000628019653033,0.2515509669832439
22,continuous_category_residual,content_plus_quantity,HistGradientBoostingRegressor,0,2704,0.3738337295095922,0.2614554882000029,0.05765810102520297,0.2676694772766892,0.2404683752197148
33,continuous_base_rating,content_plus_quantity,DummyRegressor,0,2704,0.42543437749401336,0.28556021744412846,-8.84180619609154e-06,,
33,continuous_base_rating,content_plus_quantity,Ridge,0,2704,0.4171884776230183,0.27437690521722874,0.03838043852535156,0.2864072847751384,0.24018243891815752
33,continuous_base_rating,content_plus_quantity,HistGradientBoostingRegressor,0,2704,0.4135905786901437,0.27381177395798045,0.05489523318787737,0.2591703115577314,0.24284745164900343
33,continuous_bayes_global_m25,content_plus_quantity,DummyRegressor,0,2704,0.14859526734266099,0.10674213659167908,-7.397072552484119e-05,,4.024345853795075e-15
33,continuous_bayes_global_m25,content_plus_quantity,Ridge,0,2704,0.13722267605410327,0.10172360436355939,0.1471474790347359,0.3757282708879787,0.4045084040708443
33,continuous_bayes_global_m25,content_plus_quantity,HistGradientBoostingRegressor,0,2704,0.13348753548312955,0.0977665557377189,0.19294413399496146,0.39336384259824814,0.43955376340468827
33,continuous_category_residual,content_plus_quantity,DummyRegressor,0,2704,0.42342225284842994,0.2840782844471857,-5.181500724038557e-07,,1.5902808329194858e-17
33,continuous_category_residual,content_plus_quantity,Ridge,0,2704,0.4171883653136533,0.2743769468846669,0.02922799358555006,0.2734879283873991,0.2225346489647354
33,continuous_category_residual,content_plus_quantity,HistGradientBoostingRegressor,0,2704,0.4117148778020568,0.2723269197879822,0.054533838278122415,0.2530116094507037,0.23390423098157279
44,continuous_base_rating,content_plus_quantity,DummyRegressor,0,2704,0.43085962838962566,0.290176568003555,-9.046226727638107e-05,,-1.4081349089411666e-15
44,continuous_base_rating,content_plus_quantity,Ridge,0,2704,0.42085410304021675,0.27453956810627145,0.04581889641613279,0.3078806495280727,0.23802225337856087
44,continuous_base_rating,content_plus_quantity,HistGradientBoostingRegressor,0,2704,0.415516907244135,0.2701271483750575,0.06986694202283172,0.31348854528671144,0.26715427865738706
44,continuous_bayes_global_m25,content_plus_quantity,DummyRegressor,0,2704,0.14924609555450863,0.10907473719659637,-0.0011050260611122908,,6.271484555038345e-15
44,continuous_bayes_global_m25,content_plus_quantity,Ridge,0,2704,0.13459047765887236,0.10052412292642762,0.18585388656295831,0.41347500888163496,0.43583489452056
44,continuous_bayes_global_m25,content_plus_quantity,HistGradientBoostingRegressor,0,2704,0.1335102249603907,0.09819034635908684,0.19887046971713696,0.41768703757683756,0.4501726988506294
44,continuous_category_residual,content_plus_quantity,DummyRegressor,0,2704,0.4293409446170198,0.2886705160440507,-7.949299453446912e-05,,1.224132605310319e-17
44,continuous_category_residual,content_plus_quantity,Ridge,0,2704,0.4208542589697726,0.2745397633119813,0.039066442263589574,0.30108951383994187,0.22465995278906314
44,continuous_category_residual,content_plus_quantity,HistGradientBoostingRegressor,0,2704,0.4150306878489699,0.27190789232032864,0.0654762837761127,0.3065432184050845,0.2652949716178914
55,continuous_base_rating,content_plus_quantity,DummyRegressor,0,2704,0.4373023202029097,0.2914038094862819,-0.0006476089972884402,,
55,continuous_base_rating,content_plus_quantity,Ridge,0,2704,0.4255583202251332,0.28033259481736256,0.052376612333090766,0.28527740271998003,0.24594640311365754
55,continuous_base_rating,content_plus_quantity,HistGradientBoostingRegressor,0,2704,0.42075478522318593,0.2753028203659807,0.07364867601871894,0.310940403080141,0.2807249123891541
55,continuous_bayes_global_m25,content_plus_quantity,DummyRegressor,0,2704,0.15559610479831926,0.11141422100795129,-8.312417619560364e-05,,-1.3289498509260756e-15
55,continuous_bayes_global_m25,content_plus_quantity,Ridge,0,2704,0.14210581507502132,0.10502632324946182,0.16581503607088688,0.38549899775093677,0.4116236117763597
55,continuous_bayes_global_m25,content_plus_quantity,HistGradientBoostingRegressor,0,2704,0.1397468981370594,0.10095416318824034,0.1932796517540455,0.4185369631368325,0.44567622955795644
55,continuous_category_residual,content_plus_quantity,DummyRegressor,0,2704,0.43501206535483083,0.2893717878587062,-0.0005616042940821409,,-8.685843176955561e-18
55,continuous_category_residual,content_plus_quantity,Ridge,0,2704,0.4255581304570248,0.2803325032266231,0.042455397383822424,0.2728362519484512,0.22833801163339745
55,continuous_category_residual,content_plus_quantity,HistGradientBoostingRegressor,0,2704,0.42041158413379526,0.2752296700926623,0.06547574778565735,0.2993819119233724,0.26846778587424713
11,continuous_base_rating,content_quantity_plus_reliability,DummyRegressor,0,2704,0.4126741212889142,0.278460816055796,-1.752065936866387e-05,,
11,continuous_base_rating,content_quantity_plus_reliability,Ridge,0,2704,0.3999799436537197,0.2648540816872717,0.06055887403389437,0.2943421517369146,0.27125328002803367
11,continuous_base_rating,content_quantity_plus_reliability,HistGradientBoostingRegressor,0,2704,0.39662688442955446,0.25770812135631227,0.07624365244723885,0.29187001307102034,0.2762632567948806
11,continuous_bayes_global_m25,content_quantity_plus_reliability,DummyRegressor,0,2704,0.14877674364980104,0.1065308004729343,-0.0007505450069309472,,
11,continuous_bayes_global_m25,content_quantity_plus_reliability,Ridge,0,2704,0.1322599103725902,0.09605078508146109,0.20911709978429383,0.47072225069797546,0.46380805315682816
11,continuous_bayes_global_m25,content_quantity_plus_reliability,HistGradientBoostingRegressor,0,2704,0.12849623001020655,0.09106897648376833,0.25348848783485345,0.47082691279096484,0.5054646926372616
11,continuous_category_residual,content_quantity_plus_reliability,DummyRegressor,0,2704,0.41089662808710453,0.2760459657560077,-6.238122914226096e-06,,3.2775261353142333e-17
11,continuous_category_residual,content_quantity_plus_reliability,Ridge,0,2704,0.399979890183887,0.2648541101315315,0.05242440225646472,0.27916798729166276,0.25668429472739807
11,continuous_category_residual,content_quantity_plus_reliability,HistGradientBoostingRegressor,0,2704,0.3964532663255338,0.2582284619191509,0.06906029178307616,0.2995340116463571,0.26444166311225303
22,continuous_base_rating,content_quantity_plus_reliability,DummyRegressor,0,2704,0.3866809422938481,0.27580806828704474,-0.0001091111385740362,,-4.659518979651758e-16
22,continuous_base_rating,content_quantity_plus_reliability,Ridge,0,2704,0.3720724618015319,0.25882695855582877,0.07403002899291822,0.3058432063473652,0.29550095946992316
22,continuous_base_rating,content_quantity_plus_reliability,HistGradientBoostingRegressor,0,2704,0.3712959509025453,0.25735557622609995,0.07789097302478964,0.28822464115480007,0.27945013294019766
22,continuous_bayes_global_m25,content_quantity_plus_reliability,DummyRegressor,0,2704,0.1499195829705524,0.10598126212184916,-0.0002417217218657619,,
22,continuous_bayes_global_m25,content_quantity_plus_reliability,Ridge,0,2704,0.13468632237749353,0.09708707903253078,0.19269949522575736,0.45883710075580103,0.44859012949266214
22,continuous_bayes_global_m25,content_quantity_plus_reliability,HistGradientBoostingRegressor,0,2704,0.1296793769070414,0.09072121692052329,0.25160639983070854,0.478705807711003,0.5042648600562636
22,continuous_category_residual,content_quantity_plus_reliability,DummyRegressor,0,2704,0.38512067437123737,0.27439674637537675,-0.00010408532443584306,,-3.1985310020657635e-18
22,continuous_category_residual,content_quantity_plus_reliability,Ridge,0,2704,0.37207261288133775,0.25882716180448223,0.06651586190549119,0.2967772988121823,0.2819537825448699
22,continuous_category_residual,content_quantity_plus_reliability,HistGradientBoostingRegressor,0,2704,0.37246563229482355,0.2593869987330072,0.06454274622000833,0.2563778561097831,0.25411611799006484
33,continuous_base_rating,content_quantity_plus_reliability,DummyRegressor,0,2704,0.42543437749401336,0.28556021744412846,-8.84180619609154e-06,,
33,continuous_base_rating,content_quantity_plus_reliability,Ridge,0,2704,0.4136303551640016,0.27267656840035204,0.054713436286738526,0.27550900001563366,0.26560227939516207
33,continuous_base_rating,content_quantity_plus_reliability,HistGradientBoostingRegressor,0,2704,0.40908237987520446,0.2708382931430223,0.0753865072459331,0.24800205009185636,0.27889636786737687
33,continuous_bayes_global_m25,content_quantity_plus_reliability,DummyRegressor,0,2704,0.14859526734266099,0.10674213659167908,-7.397072552484119e-05,,4.024345853795075e-15
33,continuous_bayes_global_m25,content_quantity_plus_reliability,Ridge,0,2704,0.1346288360754611,0.09898533963529313,0.17908469839969754,0.43871166040644416,0.43815619570975695
33,continuous_bayes_global_m25,content_quantity_plus_reliability,HistGradientBoostingRegressor,0,2704,0.129142313207391,0.0931537255662966,0.24463076786031956,0.45382320727084813,0.4951430926235528
33,continuous_category_residual,content_quantity_plus_reliability,DummyRegressor,0,2704,0.42342225284842994,0.2840782844471857,-5.181500724038557e-07,,1.5902808329194858e-17
33,continuous_category_residual,content_quantity_plus_reliability,Ridge,0,2704,0.413630245434095,0.2726766296954537,0.04571643709028994,0.26324460257723364,0.24944648239000786
33,continuous_category_residual,content_quantity_plus_reliability,HistGradientBoostingRegressor,0,2704,0.4113165451235405,0.2741758081535655,0.05636242356609855,0.2342308217149564,0.2535434751554279
44,continuous_base_rating,content_quantity_plus_reliability,DummyRegressor,0,2704,0.43085962838962566,0.290176568003555,-9.046226727638107e-05,,-1.4081349089411666e-15
44,continuous_base_rating,content_quantity_plus_reliability,Ridge,0,2704,0.41695228484966645,0.2716824378734616,0.06342966770182712,0.30119079447261426,0.26735333426299784
44,continuous_base_rating,content_quantity_plus_reliability,HistGradientBoostingRegressor,0,2704,0.41266978862871245,0.26779055618509356,0.08256980141656789,0.30984618055085117,0.2930384042000962
44,continuous_bayes_global_m25,content_quantity_plus_reliability,DummyRegressor,0,2704,0.14924609555450863,0.10907473719659637,-0.0011050260611122908,,6.271484555038345e-15
44,continuous_bayes_global_m25,content_quantity_plus_reliability,Ridge,0,2704,0.13170830721657445,0.0976949769420636,0.22034939336379067,0.47508788558985765,0.4729040304158555
44,continuous_bayes_global_m25,content_quantity_plus_reliability,HistGradientBoostingRegressor,0,2704,0.1292513194885072,0.09380266080788004,0.24916647487112797,0.4906640079484788,0.5011547177250514
44,continuous_category_residual,content_quantity_plus_reliability,DummyRegressor,0,2704,0.4293409446170198,0.2886705160440507,-7.949299453446912e-05,,1.224132605310319e-17
44,continuous_category_residual,content_quantity_plus_reliability,Ridge,0,2704,0.41695243416266764,0.27168261866245885,0.056801863102484695,0.296236255179643,0.2554603370200729
44,continuous_category_residual,content_quantity_plus_reliability,HistGradientBoostingRegressor,0,2704,0.4121852123645629,0.26841301140568974,0.07824665814129861,0.3092735211771856,0.2882999159079481
55,continuous_base_rating,content_quantity_plus_reliability,DummyRegressor,0,2704,0.4373023202029097,0.2914038094862819,-0.0006476089972884402,,
55,continuous_base_rating,content_quantity_plus_reliability,Ridge,0,2704,0.42166776936025857,0.2785065874107006,0.06962418635310841,0.28062328646017437,0.2753096075569986
55,continuous_base_rating,content_quantity_plus_reliability,HistGradientBoostingRegressor,0,2704,0.41756157609667344,0.2728787745105971,0.08765592676055356,0.31296878463077205,0.3081069816468417
55,continuous_bayes_global_m25,content_quantity_plus_reliability,DummyRegressor,0,2704,0.15559610479831926,0.11141422100795129,-8.312417619560364e-05,,-1.3289498509260756e-15
55,continuous_bayes_global_m25,content_quantity_plus_reliability,Ridge,0,2704,0.13978672549622967,0.10249650165555704,0.19281976148257207,0.4484315195829469,0.44353553017119457
55,continuous_bayes_global_m25,content_quantity_plus_reliability,HistGradientBoostingRegressor,0,2704,0.13668447509283452,0.09705894341465636,0.22824929267824678,0.4658141128549806,0.4820392211033759
55,continuous_category_residual,content_quantity_plus_reliability,DummyRegressor,0,2704,0.43501206535483083,0.2893717878587062,-0.0005616042940821409,,-8.685843176955561e-18
55,continuous_category_residual,content_quantity_plus_reliability,Ridge,0,2704,0.42166760617240506,0.27850651352572176,0.05988343540210361,0.2696212207646402,0.25898297756884964
55,continuous_category_residual,content_quantity_plus_reliability,HistGradientBoostingRegressor,0,2704,0.41786647180427094,0.2742942134221456,0.07675645377860663,0.2979311580637227,0.29042841946442105
11,continuous_base_rating,content_quantity_interactions,DummyRegressor,0,2704,0.4126741212889142,0.278460816055796,-1.752065936866387e-05,,
11,continuous_base_rating,content_quantity_interactions,Ridge,0,2704,0.4040314814616206,0.26622861088760885,0.041430623348267415,0.2928116574487914,0.23982571847172773
11,continuous_base_rating,content_quantity_interactions,HistGradientBoostingRegressor,0,2704,0.40084832741629334,0.26217233958679753,0.05647526431088612,0.2776625958919512,0.23821335228174206
11,continuous_bayes_global_m25,content_quantity_interactions,DummyRegressor,0,2704,0.14877674364980104,0.1065308004729343,-0.0007505450069309472,,
11,continuous_bayes_global_m25,content_quantity_interactions,Ridge,0,2704,0.13528983875865858,0.09900897397997176,0.1724655241482882,0.4024322092577439,0.42394692544372115
11,continuous_bayes_global_m25,content_quantity_interactions,HistGradientBoostingRegressor,0,2704,0.1333872660760356,0.09551492244901356,0.1955769986540602,0.41330620969630893,0.4454476877443767
11,continuous_category_residual,content_quantity_interactions,DummyRegressor,0,2704,0.41089662808710453,0.2760459657560077,-6.238122914226096e-06,,3.2775261353142333e-17
11,continuous_category_residual,content_quantity_interactions,Ridge,0,2704,0.40403141891902566,0.266228636174147,0.033130563911619726,0.2743229071004318,0.2236433979270603
11,continuous_category_residual,content_quantity_interactions,HistGradientBoostingRegressor,0,2704,0.3999427904558061,0.2616087287525775,0.052600176926648756,0.28206109095579907,0.2305287358594453
22,continuous_base_rating,content_quantity_interactions,DummyRegressor,0,2704,0.3866809422938481,0.27580806828704474,-0.0001091111385740362,,-4.659518979651758e-16
22,continuous_base_rating,content_quantity_interactions,Ridge,0,2704,0.37644282140668833,0.26165480138015074,0.05214940551359504,0.3106190557967513,0.2679029419007455
22,continuous_base_rating,content_quantity_interactions,HistGradientBoostingRegressor,0,2704,0.3740616608848054,0.26059140954128157,0.06410259519555495,0.28651695868388594,0.25491652205549087
22,continuous_bayes_global_m25,content_quantity_interactions,DummyRegressor,0,2704,0.1499195829705524,0.10598126212184916,-0.0002417217218657619,,
22,continuous_bayes_global_m25,content_quantity_interactions,Ridge,0,2704,0.138455462107503,0.1002724746044245,0.14688334278018667,0.39604481169825173,0.40373514936739613
22,continuous_bayes_global_m25,content_quantity_interactions,HistGradientBoostingRegressor,0,2704,0.13418596115858666,0.09511548710190504,0.19868661452883218,0.4230176922746364,0.4465498738308172
22,continuous_category_residual,content_quantity_interactions,DummyRegressor,0,2704,0.38512067437123737,0.27439674637537675,-0.00010408532443584306,,-3.1985310020657635e-18
22,continuous_category_residual,content_quantity_interactions,Ridge,0,2704,0.37644298980581536,0.26165505856722726,0.04445760012293132,0.3011601129458118,0.25286528131202946
22,continuous_category_residual,content_quantity_interactions,HistGradientBoostingRegressor,0,2704,0.37427000421824375,0.26173395978279673,0.05545733742713188,0.2764793950535734,0.23560155166822394
33,continuous_base_rating,content_quantity_interactions,DummyRegressor,0,2704,0.42543437749401336,0.28556021744412846,-8.84180619609154e-06,,
33,continuous_base_rating,content_quantity_interactions,Ridge,0,2704,0.4171424724095222,0.27433248036893915,0.03859251089243443,0.28730527348722446,0.24129929633138272
33,continuous_base_rating,content_quantity_interactions,HistGradientBoostingRegressor,0,2704,0.41133057533209594,0.2711225679404887,0.06519577819812639,0.2800395775445168,0.2564117362686869
33,continuous_bayes_global_m25,content_quantity_interactions,DummyRegressor,0,2704,0.14859526734266099,0.10674213659167908,-7.397072552484119e-05,,4.024345853795075e-15
33,continuous_bayes_global_m25,content_quantity_interactions,Ridge,0,2704,0.13728774181625358,0.10164280656090724,0.14633850697776551,0.37682937472960054,0.40438744692686956
33,continuous_bayes_global_m25,content_quantity_interactions,HistGradientBoostingRegressor,0,2704,0.13402331570324694,0.09815658326468754,0.18645255646779724,0.3847158195339675,0.4320917609823451
33,continuous_category_residual,content_quantity_interactions,DummyRegressor,0,2704,0.42342225284842994,0.2840782844471857,-5.181500724038557e-07,,1.5902808329194858e-17
33,continuous_category_residual,content_quantity_interactions,Ridge,0,2704,0.41714236227513424,0.2743325197805102,0.029442074338946078,0.27384492822424644,0.2236657658688757
33,continuous_category_residual,content_quantity_interactions,HistGradientBoostingRegressor,0,2704,0.4122630125625744,0.2723449172731335,0.052014678168760486,0.2538751215080687,0.22859473242400935
44,continuous_base_rating,content_quantity_interactions,DummyRegressor,0,2704,0.43085962838962566,0.290176568003555,-9.046226727638107e-05,,-1.4081349089411666e-15
44,continuous_base_rating,content_quantity_interactions,Ridge,0,2704,0.42144670764825337,0.2747608433655802,0.043129839941096426,0.3068777619107342,0.23510580412459492
44,continuous_base_rating,content_quantity_interactions,HistGradientBoostingRegressor,0,2704,0.4168797536776986,0.2719509332522525,0.06375548261087938,0.30552837570907404,0.2585286512785034
44,continuous_bayes_global_m25,content_quantity_interactions,DummyRegressor,0,2704,0.14924609555450863,0.10907473719659637,-0.0011050260611122908,,6.271484555038345e-15
44,continuous_bayes_global_m25,content_quantity_interactions,Ridge,0,2704,0.13501839056433212,0.10069765827471287,0.18066871365711212,0.4120314402446172,0.431290512654079
44,continuous_bayes_global_m25,content_quantity_interactions,HistGradientBoostingRegressor,0,2704,0.13399989023514478,0.09838158256169216,0.19298320993395512,0.4167504244075525,0.44193232555364154
44,continuous_category_residual,content_quantity_interactions,DummyRegressor,0,2704,0.4293409446170198,0.2886705160440507,-7.949299453446912e-05,,1.224132605310319e-17
44,continuous_category_residual,content_quantity_interactions,Ridge,0,2704,0.4214468526190806,0.2747610144627516,0.03635840725903272,0.30041845769305076,0.22157576296614692
44,continuous_category_residual,content_quantity_interactions,HistGradientBoostingRegressor,0,2704,0.41483421086074374,0.2706178868339389,0.06636088797134265,0.3022510250097997,0.25947356182713693
55,continuous_base_rating,content_quantity_interactions,DummyRegressor,0,2704,0.4373023202029097,0.2914038094862819,-0.0006476089972884402,,
55,continuous_base_rating,content_quantity_interactions,Ridge,0,2704,0.42601413918618464,0.28056458146849883,0.050345510990543185,0.28519464353548696,0.24409710102528037
55,continuous_base_rating,content_quantity_interactions,HistGradientBoostingRegressor,0,2704,0.4205011450932033,0.2743303361914004,0.07476518881436645,0.32039912183394936,0.28229880988796896
55,continuous_bayes_global_m25,content_quantity_interactions,DummyRegressor,0,2704,0.15559610479831926,0.11141422100795129,-8.312417619560364e-05,,-1.3289498509260756e-15
55,continuous_bayes_global_m25,content_quantity_interactions,Ridge,0,2704,0.1420916692370023,0.10492404241301433,0.1659811046873927,0.3868317417431784,0.4120836701820367
55,continuous_bayes_global_m25,content_quantity_interactions,HistGradientBoostingRegressor,0,2704,0.1395268990648651,0.10065426077374437,0.19581764052864992,0.4227383679316675,0.44706012781634735
55,continuous_category_residual,content_quantity_interactions,DummyRegressor,0,2704,0.43501206535483083,0.2893717878587062,-0.0005616042940821409,,-8.685843176955561e-18
55,continuous_category_residual,content_quantity_interactions,Ridge,0,2704,0.4260139690396086,0.2805645052756417,0.04040294196092575,0.27301877025324933,0.2265533930718519
55,continuous_category_residual,content_quantity_interactions,HistGradientBoostingRegressor,0,2704,0.4199112897601774,0.27496428026046454,0.06769861250121711,0.30614400510687634,0.2736473090643927
11,continuous_base_rating,full_content_quantity_interactions_plus_reliability,DummyRegressor,0,2704,0.4126741212889142,0.278460816055796,-1.752065936866387e-05,,
11,continuous_base_rating,full_content_quantity_interactions_plus_reliability,Ridge,0,2704,0.39980721002244995,0.264663268095358,0.06137010489857764,0.29532817200882433,0.27261608609246724
11,continuous_base_rating,full_content_quantity_interactions_plus_reliability,HistGradientBoostingRegressor,0,2704,0.39712281067985694,0.2572675001283108,0.07393215293019495,0.2935004600287402,0.2721507927032139
11,continuous_bayes_global_m25,full_content_quantity_interactions_plus_reliability,DummyRegressor,0,2704,0.14877674364980104,0.1065308004729343,-0.0007505450069309472,,
11,continuous_bayes_global_m25,full_content_quantity_interactions_plus_reliability,Ridge,0,2704,0.13206957042901893,0.09593989718864276,0.2113918372293898,0.4726807459097959,0.4660424771923266
11,continuous_bayes_global_m25,full_content_quantity_interactions_plus_reliability,HistGradientBoostingRegressor,0,2704,0.12839681817907223,0.09116332126529147,0.25464312667657085,0.4732440989061905,0.5065572224338301
11,continuous_category_residual,full_content_quantity_interactions_plus_reliability,DummyRegressor,0,2704,0.41089662808710453,0.2760459657560077,-6.238122914226096e-06,,3.2775261353142333e-17
11,continuous_category_residual,full_content_quantity_interactions_plus_reliability,Ridge,0,2704,0.39980715402726213,0.2646632865459196,0.05324266951021883,0.27969838076374426,0.2580702576888436
11,continuous_category_residual,full_content_quantity_interactions_plus_reliability,HistGradientBoostingRegressor,0,2704,0.39509933356275023,0.25654369430390006,0.07540796311216302,0.29994204472026126,0.2749466900528521
22,continuous_base_rating,full_content_quantity_interactions_plus_reliability,DummyRegressor,0,2704,0.3866809422938481,0.27580806828704474,-0.0001091111385740362,,-4.659518979651758e-16
22,continuous_base_rating,full_content_quantity_interactions_plus_reliability,Ridge,0,2704,0.37190909216526113,0.258646461227638,0.07484300056098492,0.3068737914857625,0.29641947574105343
22,continuous_base_rating,full_content_quantity_interactions_plus_reliability,HistGradientBoostingRegressor,0,2704,0.3726639695110619,0.2585764418009727,0.0710835397757773,0.27742242583392757,0.2674785630290749
22,continuous_bayes_global_m25,full_content_quantity_interactions_plus_reliability,DummyRegressor,0,2704,0.1499195829705524,0.10598126212184916,-0.0002417217218657619,,
22,continuous_bayes_global_m25,full_content_quantity_interactions_plus_reliability,Ridge,0,2704,0.13455548003940146,0.09696903521097938,0.1942672532062636,0.4602888939142452,0.45004640961780684
22,continuous_bayes_global_m25,full_content_quantity_interactions_plus_reliability,HistGradientBoostingRegressor,0,2704,0.12960730417593508,0.09072505193421858,0.2524380475922293,0.4740259943728931,0.5040020797434699
22,continuous_category_residual,full_content_quantity_interactions_plus_reliability,DummyRegressor,0,2704,0.38512067437123737,0.27439674637537675,-0.00010408532443584306,,-3.1985310020657635e-18
22,continuous_category_residual,full_content_quantity_interactions_plus_reliability,Ridge,0,2704,0.371909233676847,0.2586466783006531,0.06733547832543996,0.297564425942051,0.2828898657075604
22,continuous_category_residual,full_content_quantity_interactions_plus_reliability,HistGradientBoostingRegressor,0,2704,0.3726694299810353,0.2595355841746949,0.06351877963854635,0.25670310059201745,0.25246758080625453
33,continuous_base_rating,full_content_quantity_interactions_plus_reliability,DummyRegressor,0,2704,0.42543437749401336,0.28556021744412846,-8.84180619609154e-06,,
33,continuous_base_rating,full_content_quantity_interactions_plus_reliability,Ridge,0,2704,0.4135794351355327,0.2725751590759075,0.05494616125656604,0.2770337319561812,0.26656160813411867
33,continuous_base_rating,full_content_quantity_interactions_plus_reliability,HistGradientBoostingRegressor,0,2704,0.40781339936089583,0.2698996370736458,0.08111394376877079,0.26089788779041234,0.2925049061584705
33,continuous_bayes_global_m25,full_content_quantity_interactions_plus_reliability,DummyRegressor,0,2704,0.14859526734266099,0.10674213659167908,-7.397072552484119e-05,,4.024345853795075e-15
33,continuous_bayes_global_m25,full_content_quantity_interactions_plus_reliability,Ridge,0,2704,0.13468055416799543,0.09884255610667056,0.17845386284313391,0.43972948781848586,0.43806843482557
33,continuous_bayes_global_m25,full_content_quantity_interactions_plus_reliability,HistGradientBoostingRegressor,0,2704,0.1294656081419313,0.09320220376907955,0.24084405048768398,0.4513357385893579,0.4920400854143786
33,continuous_category_residual,full_content_quantity_interactions_plus_reliability,DummyRegressor,0,2704,0.42342225284842994,0.2840782844471857,-5.181500724038557e-07,,1.5902808329194858e-17
33,continuous_category_residual,full_content_quantity_interactions_plus_reliability,Ridge,0,2704,0.4135793270948458,0.27257522875548296,0.04595136934661481,0.2638658695275535,0.25041366891903916
33,continuous_category_residual,full_content_quantity_interactions_plus_reliability,HistGradientBoostingRegressor,0,2704,0.40619365690349674,0.2686554637591205,0.07972178297914334,0.257999571741153,0.2855408098464212
44,continuous_base_rating,full_content_quantity_interactions_plus_reliability,DummyRegressor,0,2704,0.43085962838962566,0.290176568003555,-9.046226727638107e-05,,-1.4081349089411666e-15
44,continuous_base_rating,full_content_quantity_interactions_plus_reliability,Ridge,0,2704,0.41759543625134105,0.27193355518771467,0.06053810858025144,0.29970352292033814,0.2641809165463715
44,continuous_base_rating,full_content_quantity_interactions_plus_reliability,HistGradientBoostingRegressor,0,2704,0.41369332678218407,0.26958100381231614,0.07801318321346673,0.3019119894035876,0.2915389548763996
44,continuous_bayes_global_m25,full_content_quantity_interactions_plus_reliability,DummyRegressor,0,2704,0.14924609555450863,0.10907473719659637,-0.0011050260611122908,,6.271484555038345e-15
44,continuous_bayes_global_m25,full_content_quantity_interactions_plus_reliability,Ridge,0,2704,0.13217385703111909,0.09784454607736391,0.2148279848519985,0.47391582941582683,0.4682754915053557
44,continuous_bayes_global_m25,full_content_quantity_interactions_plus_reliability,HistGradientBoostingRegressor,0,2704,0.12909106121373576,0.09361277710972322,0.2510272324890168,0.4911970875664315,0.502595425386989
44,continuous_category_residual,full_content_quantity_interactions_plus_reliability,DummyRegressor,0,2704,0.4293409446170198,0.2886705160440507,-7.949299453446912e-05,,1.224132605310319e-17
44,continuous_category_residual,full_content_quantity_interactions_plus_reliability,Ridge,0,2704,0.41759557535456576,0.2719337183293831,0.0538898886608955,0.29522756207378814,0.2521284752680338
44,continuous_category_residual,full_content_quantity_interactions_plus_reliability,HistGradientBoostingRegressor,0,2704,0.4136088773518057,0.2694062090392827,0.07186829147107754,0.30716077921166374,0.27805845032502474
55,continuous_base_rating,full_content_quantity_interactions_plus_reliability,DummyRegressor,0,2704,0.4373023202029097,0.2914038094862819,-0.0006476089972884402,,
55,continuous_base_rating,full_content_quantity_interactions_plus_reliability,Ridge,0,2704,0.4220315471462287,0.2786957049844254,0.06801820140168513,0.28161683881366434,0.27377322922286174
55,continuous_base_rating,full_content_quantity_interactions_plus_reliability,HistGradientBoostingRegressor,0,2704,0.41793389790716884,0.2717007133694164,0.08602820496735442,0.31412311792543474,0.2999758325883669
55,continuous_bayes_global_m25,full_content_quantity_interactions_plus_reliability,DummyRegressor,0,2704,0.15559610479831926,0.11141422100795129,-8.312417619560364e-05,,-1.3289498509260756e-15
55,continuous_bayes_global_m25,full_content_quantity_interactions_plus_reliability,Ridge,0,2704,0.13971181199628838,0.10226607444859448,0.19368468615350842,0.4502147437385425,0.44456364586258
55,continuous_bayes_global_m25,full_content_quantity_interactions_plus_reliability,HistGradientBoostingRegressor,0,2704,0.13675409847412284,0.09721407245469803,0.22746287449129654,0.46305111986042113,0.4801108702383285
55,continuous_category_residual,full_content_quantity_interactions_plus_reliability,DummyRegressor,0,2704,0.43501206535483083,0.2893717878587062,-0.0005616042940821409,,-8.685843176955561e-18
55,continuous_category_residual,full_content_quantity_interactions_plus_reliability,Ridge,0,2704,0.42203140197984046,0.27869564705541466,0.05826055522207274,0.2709271817807923,0.2574628770166636
55,continuous_category_residual,full_content_quantity_interactions_plus_reliability,HistGradientBoostingRegressor,0,2704,0.4176289232953635,0.27350859047049125,0.07780584541198277,0.3028427957379904,0.28916920664607915
11,continuous_base_rating,content_only_core,DummyRegressor,25,1480,0.25148416719114774,0.18897456279809205,-4.2554356501245394e-05,,1.3960242413467512e-15
11,continuous_base_rating,content_only_core,Ridge,25,1480,0.22116366890495898,0.16411838857234246,0.22656333488530456,0.498963792648859,0.47889701000237056
11,continuous_base_rating,content_only_core,HistGradientBoostingRegressor,25,1480,0.22160390002857625,0.16272557065436954,0.22348118517143545,0.47326142999677884,0.474194643444849
11,continuous_bayes_global_m25,content_only_core,DummyRegressor,25,1480,0.19163255896480894,0.14624736348073192,-3.77437143028736e-06,,-2.3440227730032172e-15
11,continuous_bayes_global_m25,content_only_core,Ridge,25,1480,0.1669628243894165,0.12708059046490894,0.2408936807934191,0.5040244764881604,0.49430595026405433
11,continuous_bayes_global_m25,content_only_core,HistGradientBoostingRegressor,25,1480,0.1669775056114706,0.1261928152179534,0.2407601768418124,0.4834251517820362,0.4921699205275565
11,continuous_category_residual,content_only_core,DummyRegressor,25,1480,0.2502390745722382,0.1882205828710868,-3.064238612426884e-05,,-2.623059221958639e-17
11,continuous_category_residual,content_only_core,Ridge,25,1480,0.22116394500137954,0.16411829211756673,0.21885489949407577,0.4888427552560596,0.47046716281554984
11,continuous_category_residual,content_only_core,HistGradientBoostingRegressor,25,1480,0.22262347768244442,0.16319393552987616,0.20851081949209227,0.46798227960668154,0.4570771586322536
22,continuous_base_rating,content_only_core,DummyRegressor,25,1480,0.23741134463808958,0.18069506880105252,-3.0104830617050382e-05,,-1.3650147068562996e-16
22,continuous_base_rating,content_only_core,Ridge,25,1480,0.21016015676065866,0.15679378984706133,0.21637026670437998,0.49343740074658954,0.47481864475193236
22,continuous_base_rating,content_only_core,HistGradientBoostingRegressor,25,1480,0.2093191980351114,0.15279987377399576,0.22262912920900824,0.4999159784962903,0.4726411314375979
22,continuous_bayes_global_m25,content_only_core,DummyRegressor,25,1480,0.18059711382740842,0.13956103267324516,-2.9354626331468125e-05,,-1.588407638028075e-15
22,continuous_bayes_global_m25,content_only_core,Ridge,25,1480,0.15840491183687877,0.12024593674195796,0.23064208569462674,0.5002632528141477,0.49100943607316605
22,continuous_bayes_global_m25,content_only_core,HistGradientBoostingRegressor,25,1480,0.15724285721439918,0.11735845108178362,0.24188866381303809,0.4994130869803292,0.4920450115460441
22,continuous_category_residual,content_only_core,DummyRegressor,25,1480,0.23502202151985357,0.1791221354760826,-1.8638025645723033e-05,,-7.022094745878956e-18
22,continuous_category_residual,content_only_core,Ridge,25,1480,0.21016057595725673,0.15679445619307955,0.2003618986414425,0.48664327895904586,0.4597381044205084
22,continuous_category_residual,content_only_core,HistGradientBoostingRegressor,25,1480,0.20910418311663617,0.1543426602968782,0.20838061382910378,0.48137651834571576,0.4569078109606193
33,continuous_base_rating,content_only_core,DummyRegressor,25,1480,0.24192492701731053,0.18600344005262873,-5.163373683769734e-05,,2.524082306167703e-15
33,continuous_base_rating,content_only_core,Ridge,25,1480,0.21208143743120056,0.16026250080130344,0.2314599526558666,0.4927570288098556,0.4870198086915128
33,continuous_base_rating,content_only_core,HistGradientBoostingRegressor,25,1480,0.20888910571565528,0.15534724013436277,0.25442254451112556,0.511039026479818,0.5050512776001631
33,continuous_bayes_global_m25,content_only_core,DummyRegressor,25,1480,0.18330397444130686,0.1431597852895745,-2.0872218837952872e-05,,9.101562339983013e-16
33,continuous_bayes_global_m25,content_only_core,Ridge,25,1480,0.15909957739496305,0.12310349707634305,0.24663861881188875,0.5032388935523551,0.5042991324714258
33,continuous_bayes_global_m25,content_only_core,HistGradientBoostingRegressor,25,1480,0.15600042357428884,0.11897982193941564,0.2757027160722214,0.5288984956434943,0.525839082656408
33,continuous_category_residual,content_only_core,DummyRegressor,25,1480,0.24053710847956886,0.1852093881982647,-4.8728336329073585e-05,,
33,continuous_category_residual,content_only_core,Ridge,25,1480,0.21208113211771476,0.16026288514980558,0.2225704284926553,0.49448934768338104,0.4785139791371961
33,continuous_category_residual,content_only_core,HistGradientBoostingRegressor,25,1480,0.2089570800749543,0.15647850186415396,0.24530552295365693,0.5083643370038134,0.49650519751262656
44,continuous_base_rating,content_only_core,DummyRegressor,25,1480,0.24669469739929603,0.18665561098623976,-2.0757726870712645e-08,,1.2893017166379937e-15
44,continuous_base_rating,content_only_core,Ridge,25,1480,0.2176104707506521,0.16067993146105392,0.2218918634248087,0.5096977946053146,0.47822179533760767
44,continuous_base_rating,content_only_core,HistGradientBoostingRegressor,25,1480,0.22064429571625516,0.1621680748828163,0.2000445746664946,0.46799113960111915,0.4473245810267687
44,continuous_bayes_global_m25,content_only_core,DummyRegressor,25,1480,0.18934741902274035,0.1451878671487619,-3.140357359932011e-06,,2.7336247470307066e-15
44,continuous_bayes_global_m25,content_only_core,Ridge,25,1480,0.16398550514471305,0.12347073153661665,0.24994431264719252,0.5254177118117012,0.5049638119450495
44,continuous_bayes_global_m25,content_only_core,HistGradientBoostingRegressor,25,1480,0.16558650769370048,0.1245710135662371,0.2352271214405096,0.49604155863053107,0.48520318967506576
44,continuous_category_residual,content_only_core,DummyRegressor,25,1480,0.24564617852706835,0.18619119886606772,-6.876847375991701e-07,,-1.2673213408795206e-17
44,continuous_category_residual,content_only_core,Ridge,25,1480,0.21761098501608536,0.16068065687067357,0.2152308834564015,0.5039319506643303,0.4706135303085213
44,continuous_category_residual,content_only_core,HistGradientBoostingRegressor,25,1480,0.22045059218691532,0.1631801427505395,0.19461634096280422,0.457356465764931,0.44129007980142826
55,continuous_base_rating,content_only_core,DummyRegressor,25,1480,0.2533853619695352,0.19057066955393528,-0.0008115779956352487,,
55,continuous_base_rating,content_only_core,Ridge,25,1480,0.22275766781218687,0.16488879881003699,0.2265101817557924,0.49421193975737426,0.478228021708829
55,continuous_base_rating,content_only_core,HistGradientBoostingRegressor,25,1480,0.22289946193481847,0.16313939240879308,0.22552515423338637,0.49049771707147644,0.47530854298925906
55,continuous_bayes_global_m25,content_only_core,DummyRegressor,25,1480,0.19565200178414813,0.1472066526843552,-0.0009619216424394672,,2.922994298975612e-15
55,continuous_bayes_global_m25,content_only_core,Ridge,25,1480,0.17004768097968856,0.12664417991141458,0.24388058027273218,0.5017541400903399,0.49583760630544177
55,continuous_bayes_global_m25,content_only_core,HistGradientBoostingRegressor,25,1480,0.16864506432717408,0.12506176223610893,0.2563026467807725,0.5125732034130321,0.5083201371780283
55,continuous_category_residual,content_only_core,DummyRegressor,25,1480,0.25152736119409236,0.189044151623423,-0.0006612069552280886,,
55,continuous_category_residual,content_only_core,Ridge,25,1480,0.22275753064532855,0.1648887739477359,0.21515953884987116,0.4838495411138269,0.4665400485205074
55,continuous_category_residual,content_only_core,HistGradientBoostingRegressor,25,1480,0.2220505767614335,0.1646174226230633,0.22013324786710486,0.48065950746163044,0.4696448648571346
11,continuous_base_rating,content_plus_reliability,DummyRegressor,25,1480,0.25148416719114774,0.18897456279809205,-4.2554356501245394e-05,,1.3960242413467512e-15
11,continuous_base_rating,content_plus_reliability,Ridge,25,1480,0.21678283722693192,0.15931137731110875,0.25690048756184025,0.5240683000909172,0.5088180528173912
11,continuous_base_rating,content_plus_reliability,HistGradientBoostingRegressor,25,1480,0.21725350954768402,0.15833227348933326,0.25367019436371574,0.5023829462367617,0.5068864084697146
11,continuous_bayes_global_m25,content_plus_reliability,DummyRegressor,25,1480,0.19163255896480894,0.14624736348073192,-3.77437143028736e-06,,-2.3440227730032172e-15
11,continuous_bayes_global_m25,content_plus_reliability,Ridge,25,1480,0.16190666122016772,0.12175258501552426,0.2861738145428214,0.5593462719932811,0.5368843505404982
11,continuous_bayes_global_m25,content_plus_reliability,HistGradientBoostingRegressor,25,1480,0.16284770743835336,0.12137217357347085,0.2778517899103682,0.5398646635996891,0.5290647299699573
11,continuous_category_residual,content_plus_reliability,DummyRegressor,25,1480,0.2502390745722382,0.1882205828710868,-3.064238612426884e-05,,-2.623059221958639e-17
11,continuous_category_residual,content_plus_reliability,Ridge,25,1480,0.2167830564087556,0.15931158492503164,0.24949476278472404,0.5165333100884888,0.5013019413852994
11,continuous_category_residual,content_plus_reliability,HistGradientBoostingRegressor,25,1480,0.21799646234471076,0.15944676548369735,0.24106960098986996,0.4899072131836127,0.4934911213004935
22,continuous_base_rating,content_plus_reliability,DummyRegressor,25,1480,0.23741134463808958,0.18069506880105252,-3.0104830617050382e-05,,-1.3650147068562996e-16
22,continuous_base_rating,content_plus_reliability,Ridge,25,1480,0.20540434273746397,0.15374688415104346,0.2514352342836659,0.5175694788841438,0.5090257104228271
22,continuous_base_rating,content_plus_reliability,HistGradientBoostingRegressor,25,1480,0.20354650181949008,0.1473748938761146,0.2649152305473462,0.5282779606050018,0.5150159550044812
22,continuous_bayes_global_m25,content_plus_reliability,DummyRegressor,25,1480,0.18059711382740842,0.13956103267324516,-2.9354626331468125e-05,,-1.588407638028075e-15
22,continuous_bayes_global_m25,content_plus_reliability,Ridge,25,1480,0.15374768128249539,0.11629008867301069,0.27521651818527626,0.5480831639692039,0.5333923148863023
22,continuous_bayes_global_m25,content_plus_reliability,HistGradientBoostingRegressor,25,1480,0.15258195948748174,0.11274914228931332,0.2861655338080461,0.5499953990216313,0.5351772248035344
22,continuous_category_residual,content_plus_reliability,DummyRegressor,25,1480,0.23502202151985357,0.1791221354760826,-1.8638025645723033e-05,,-7.022094745878956e-18
22,continuous_category_residual,content_plus_reliability,Ridge,25,1480,0.2054048621019636,0.15374760906299564,0.23614237481546863,0.5118691640087927,0.4950590349965517
22,continuous_category_residual,content_plus_reliability,HistGradientBoostingRegressor,25,1480,0.2062208961773808,0.15063666968106326,0.2300609993565318,0.4997207222690059,0.480135050310763
33,continuous_base_rating,content_plus_reliability,DummyRegressor,25,1480,0.24192492701731053,0.18600344005262873,-5.163373683769734e-05,,2.524082306167703e-15
33,continuous_base_rating,content_plus_reliability,Ridge,25,1480,0.2096793440511695,0.15864664889489913,0.24877075772193236,0.4976767691462106,0.5044404105408857
33,continuous_base_rating,content_plus_reliability,HistGradientBoostingRegressor,25,1480,0.20912896216786564,0.1554640615855001,0.2527093461690533,0.5048486053643719,0.5027444297084602
33,continuous_bayes_global_m25,content_plus_reliability,DummyRegressor,25,1480,0.18330397444130686,0.1431597852895745,-2.0872218837952872e-05,,9.101562339983013e-16
33,continuous_bayes_global_m25,content_plus_reliability,Ridge,25,1480,0.15620013327152532,0.12044543420724066,0.27384705726097813,0.5365100513312089,0.5301569393123737
33,continuous_bayes_global_m25,content_plus_reliability,HistGradientBoostingRegressor,25,1480,0.155530910828895,0.11822375167328283,0.28005597423434603,0.5459469364403177,0.5292465084180205
33,continuous_category_residual,content_plus_reliability,DummyRegressor,25,1480,0.24053710847956886,0.1852093881982647,-4.8728336329073585e-05,,
33,continuous_category_residual,content_plus_reliability,Ridge,25,1480,0.20967905658513702,0.15864704444130057,0.24008135931887842,0.4974647669319434,0.49622367927257904
33,continuous_category_residual,content_plus_reliability,HistGradientBoostingRegressor,25,1480,0.20893124293108378,0.15675955231185745,0.24549214447668377,0.501123457825405,0.4961496048519025
44,continuous_base_rating,content_plus_reliability,DummyRegressor,25,1480,0.24669469739929603,0.18665561098623976,-2.0757726870712645e-08,,1.2893017166379937e-15
44,continuous_base_rating,content_plus_reliability,Ridge,25,1480,0.2141512628781809,0.15867598164739963,0.24643336826199946,0.5239681770086201,0.5036806334766221
44,continuous_base_rating,content_plus_reliability,HistGradientBoostingRegressor,25,1480,0.21603627262332556,0.15949057266343938,0.2331088412279615,0.48704247085812813,0.48301569258729354
44,continuous_bayes_global_m25,content_plus_reliability,DummyRegressor,25,1480,0.18934741902274035,0.1451878671487619,-3.140357359932011e-06,,2.7336247470307066e-15
44,continuous_bayes_global_m25,content_plus_reliability,Ridge,25,1480,0.16007620188318364,0.12079796376465005,0.28527968415112925,0.5632674117554387,0.5392075331358149
44,continuous_bayes_global_m25,content_plus_reliability,HistGradientBoostingRegressor,25,1480,0.16091960794553223,0.12183105201560121,0.27772843732535624,0.5442358706759746,0.5280165437552051
44,continuous_category_residual,content_plus_reliability,DummyRegressor,25,1480,0.24564617852706835,0.18619119886606772,-6.876847375991701e-07,,-1.2673213408795206e-17
44,continuous_category_residual,content_plus_reliability,Ridge,25,1480,0.21415173795558387,0.15867669657774658,0.23998269550990836,0.5197413919086469,0.4968577006630945
44,continuous_category_residual,content_plus_reliability,HistGradientBoostingRegressor,25,1480,0.21713330996351826,0.160134140404875,0.21867237515063964,0.480558589764078,0.4684145454895859
55,continuous_base_rating,content_plus_reliability,DummyRegressor,25,1480,0.2533853619695352,0.19057066955393528,-0.0008115779956352487,,
55,continuous_base_rating,content_plus_reliability,Ridge,25,1480,0.2186489294541848,0.16208514529663953,0.25478088311912095,0.5129730759645372,0.5063706748642235
55,continuous_base_rating,content_plus_reliability,HistGradientBoostingRegressor,25,1480,0.21967624783401207,0.15959814171620032,0.2477616324525942,0.5105848032266551,0.498475052058401
55,continuous_bayes_global_m25,content_plus_reliability,DummyRegressor,25,1480,0.19565200178414813,0.1472066526843552,-0.0009619216424394672,,2.922994298975612e-15
55,continuous_bayes_global_m25,content_plus_reliability,Ridge,25,1480,0.16557464029531016,0.12273539606230996,0.28313627341968106,0.5481637619852214,0.5333155682073606
55,continuous_bayes_global_m25,content_plus_reliability,HistGradientBoostingRegressor,25,1480,0.16570409341867404,0.12167974532739999,0.28201488761073434,0.5593980738784773,0.5339896530782845
55,continuous_category_residual,content_plus_reliability,DummyRegressor,25,1480,0.25152736119409236,0.189044151623423,-0.0006612069552280886,,
55,continuous_category_residual,content_plus_reliability,Ridge,25,1480,0.21864874697612416,0.16208499146049307,0.24384543195276986,0.504084042734336,0.49567117240672126
55,continuous_category_residual,content_plus_reliability,HistGradientBoostingRegressor,25,1480,0.22014039976591707,0.16116026711558895,0.2334930516897914,0.4969497878405882,0.48395644566203844
11,continuous_base_rating,content_plus_quantity,DummyRegressor,25,1480,0.25148416719114774,0.18897456279809205,-4.2554356501245394e-05,,1.3960242413467512e-15
11,continuous_base_rating,content_plus_quantity,Ridge,25,1480,0.22142804046753106,0.16392871081862828,0.22471314971010903,0.5010548828991488,0.47781678601312927
11,continuous_base_rating,content_plus_quantity,HistGradientBoostingRegressor,25,1480,0.22125661112432746,0.16206820370371142,0.22591313745389985,0.4811042480385993,0.47669322169702133
11,continuous_bayes_global_m25,content_plus_quantity,DummyRegressor,25,1480,0.19163255896480894,0.14624736348073192,-3.77437143028736e-06,,-2.3440227730032172e-15
11,continuous_bayes_global_m25,content_plus_quantity,Ridge,25,1480,0.16714453206416383,0.12701431486049228,0.23924049238976774,0.5059827769152768,0.49348074038656436
11,continuous_bayes_global_m25,content_plus_quantity,HistGradientBoostingRegressor,25,1480,0.1668381283888791,0.12512507194423628,0.2420271328046798,0.4857365128621515,0.49336881466624743
11,continuous_category_residual,content_plus_quantity,DummyRegressor,25,1480,0.2502390745722382,0.1882205828710868,-3.064238612426884e-05,,-2.623059221958639e-17
11,continuous_category_residual,content_plus_quantity,Ridge,25,1480,0.2214282959570336,0.1639286808128121,0.216986422573185,0.4917538591924559,0.46936523691707593
11,continuous_category_residual,content_plus_quantity,HistGradientBoostingRegressor,25,1480,0.22223726405440694,0.16287362382242618,0.2112546339047242,0.47021907018519793,0.4605945283773786
22,continuous_base_rating,content_plus_quantity,DummyRegressor,25,1480,0.23741134463808958,0.18069506880105252,-3.0104830617050382e-05,,-1.3650147068562996e-16
22,continuous_base_rating,content_plus_quantity,Ridge,25,1480,0.20933487538868967,0.15615545253160182,0.22251267955216103,0.5007089984952355,0.4808373674421956
22,continuous_base_rating,content_plus_quantity,HistGradientBoostingRegressor,25,1480,0.2089016620021228,0.15198102983915765,0.2257273316379652,0.5063314772598546,0.4757394815098181
22,continuous_bayes_global_m25,content_plus_quantity,DummyRegressor,25,1480,0.18059711382740842,0.13956103267324516,-2.9354626331468125e-05,,-1.588407638028075e-15
22,continuous_bayes_global_m25,content_plus_quantity,Ridge,25,1480,0.15774419017501567,0.11973932056655812,0.2370468276297243,0.507421028995779,0.49699822411066
22,continuous_bayes_global_m25,content_plus_quantity,HistGradientBoostingRegressor,25,1480,0.1565544109248375,0.11719462066449574,0.24851251183565248,0.5081949869017366,0.498611949910306
22,continuous_category_residual,content_plus_quantity,DummyRegressor,25,1480,0.23502202151985357,0.1791221354760826,-1.8638025645723033e-05,,-7.022094745878956e-18
22,continuous_category_residual,content_plus_quantity,Ridge,25,1480,0.20933533115488812,0.15615614737318015,0.20662950200490326,0.49506233797236027,0.4661849224456553
22,continuous_category_residual,content_plus_quantity,HistGradientBoostingRegressor,25,1480,0.2091026200746874,0.15351530435425134,0.20839244840519977,0.48859051336782533,0.4571512994003548
33,continuous_base_rating,content_plus_quantity,DummyRegressor,25,1480,0.24192492701731053,0.18600344005262873,-5.163373683769734e-05,,2.524082306167703e-15
33,continuous_base_rating,content_plus_quantity,Ridge,25,1480,0.21187530085239484,0.16001992849003283,0.23295322077249847,0.49558994545468527,0.48894545527734445
33,continuous_base_rating,content_plus_quantity,HistGradientBoostingRegressor,25,1480,0.20911884775321146,0.1550531596951313,0.25278162907700097,0.510757091787397,0.5036740290260544
33,continuous_bayes_global_m25,content_plus_quantity,DummyRegressor,25,1480,0.18330397444130686,0.1431597852895745,-2.0872218837952872e-05,,9.101562339983013e-16
33,continuous_bayes_global_m25,content_plus_quantity,Ridge,25,1480,0.15889664413618526,0.12300959174905661,0.24855923458267992,0.5056186502529575,0.5066024175763367
33,continuous_bayes_global_m25,content_plus_quantity,HistGradientBoostingRegressor,25,1480,0.15664404547335445,0.12002654568046016,0.2697138187958311,0.5224619431840907,0.5197397453156355
33,continuous_category_residual,content_plus_quantity,DummyRegressor,25,1480,0.24053710847956886,0.1852093881982647,-4.8728336329073585e-05,,
33,continuous_category_residual,content_plus_quantity,Ridge,25,1480,0.2118749903070005,0.16002035781789348,0.22408100938828734,0.4989920644377647,0.4805869353401829
33,continuous_category_residual,content_plus_quantity,HistGradientBoostingRegressor,25,1480,0.2087024289450346,0.1567388829631452,0.24714385928849059,0.5101531442375475,0.49846629667048614
44,continuous_base_rating,content_plus_quantity,DummyRegressor,25,1480,0.24669469739929603,0.18665561098623976,-2.0757726870712645e-08,,1.2893017166379937e-15
44,continuous_base_rating,content_plus_quantity,Ridge,25,1480,0.21854302348342197,0.16091352347995774,0.21520852989424533,0.5069686084862367,0.47339134853483533
44,continuous_base_rating,content_plus_quantity,HistGradientBoostingRegressor,25,1480,0.21958172201573298,0.1608562271279582,0.20773083603749198,0.47530429050345335,0.4557842900958181
44,continuous_bayes_global_m25,content_plus_quantity,DummyRegressor,25,1480,0.18934741902274035,0.1451878671487619,-3.140357359932011e-06,,2.7336247470307066e-15
44,continuous_bayes_global_m25,content_plus_quantity,Ridge,25,1480,0.16432346627570338,0.12364538377962965,0.24684951619870288,0.525419347945609,0.5031018758742299
44,continuous_bayes_global_m25,content_plus_quantity,HistGradientBoostingRegressor,25,1480,0.16429556179106525,0.12361887962187094,0.24710528601842452,0.5104100088738265,0.49794545463007034
44,continuous_category_residual,content_plus_quantity,DummyRegressor,25,1480,0.24564617852706835,0.18619119886606772,-6.876847375991701e-07,,-1.2673213408795206e-17
44,continuous_category_residual,content_plus_quantity,Ridge,25,1480,0.21854346936737948,0.160914201579577,0.20849084866013368,0.5017654205765721,0.4657996032232743
44,continuous_category_residual,content_plus_quantity,HistGradientBoostingRegressor,25,1480,0.22008656078599867,0.16235626072099343,0.19727401468217853,0.47066463373342876,0.4443999733582342
55,continuous_base_rating,content_plus_quantity,DummyRegressor,25,1480,0.2533853619695352,0.19057066955393528,-0.0008115779956352487,,
55,continuous_base_rating,content_plus_quantity,Ridge,25,1480,0.22219295811393294,0.16433396016991106,0.2304269362007103,0.49680329631940534,0.482519315576623
55,continuous_base_rating,content_plus_quantity,HistGradientBoostingRegressor,25,1480,0.22270231426203274,0.16284700908334118,0.2268945464173574,0.49574419244550927,0.47664546377499567
55,continuous_bayes_global_m25,content_plus_quantity,DummyRegressor,25,1480,0.19565200178414813,0.1472066526843552,-0.0009619216424394672,,2.922994298975612e-15
55,continuous_bayes_global_m25,content_plus_quantity,Ridge,25,1480,0.16955358200058998,0.12640830152990212,0.24826823271249354,0.505833777117804,0.5004757776478177
55,continuous_bayes_global_m25,content_plus_quantity,HistGradientBoostingRegressor,25,1480,0.16878446811515777,0.12472170152124451,0.25507264247947914,0.5198796074909147,0.506967943410451
55,continuous_category_residual,content_plus_quantity,DummyRegressor,25,1480,0.25152736119409236,0.189044151623423,-0.0006612069552280886,,
55,continuous_category_residual,content_plus_quantity,Ridge,25,1480,0.22219281894551093,0.1643338885172271,0.21913378655751425,0.4861765392940437,0.47099560759321557
55,continuous_category_residual,content_plus_quantity,HistGradientBoostingRegressor,25,1480,0.2212662790352414,0.16274769093376668,0.22563260336241264,0.4899895220836578,0.47573983440674555
11,continuous_base_rating,content_quantity_plus_reliability,DummyRegressor,25,1480,0.25148416719114774,0.18897456279809205,-4.2554356501245394e-05,,1.3960242413467512e-15
11,continuous_base_rating,content_quantity_plus_reliability,Ridge,25,1480,0.2170367946189907,0.15952834006228933,0.25515841097317515,0.52598055429774,0.5076612912242982
11,continuous_base_rating,content_quantity_plus_reliability,HistGradientBoostingRegressor,25,1480,0.2170199438925079,0.15746377030538164,0.2552740654148793,0.5035026255653985,0.5084708516809137
11,continuous_bayes_global_m25,content_quantity_plus_reliability,DummyRegressor,25,1480,0.19163255896480894,0.14624736348073192,-3.77437143028736e-06,,-2.3440227730032172e-15
11,continuous_bayes_global_m25,content_quantity_plus_reliability,Ridge,25,1480,0.1621144436513293,0.12194793996949402,0.28434046547016145,0.5601562803941992,0.5356736462243213
11,continuous_bayes_global_m25,content_quantity_plus_reliability,HistGradientBoostingRegressor,25,1480,0.16243932717136464,0.12084024632268928,0.28146917332725685,0.5464867172400787,0.5331082339366345
11,continuous_category_residual,content_quantity_plus_reliability,DummyRegressor,25,1480,0.2502390745722382,0.1882205828710868,-3.064238612426884e-05,,-2.623059221958639e-17
11,continuous_category_residual,content_quantity_plus_reliability,Ridge,25,1480,0.21703700673113055,0.1595285916353817,0.24773537546034563,0.5187791173991415,0.5001225023710959
11,continuous_category_residual,content_quantity_plus_reliability,HistGradientBoostingRegressor,25,1480,0.2182784773244075,0.15958626406400714,0.23910472339098776,0.491152274384705,0.49115417863908306
22,continuous_base_rating,content_quantity_plus_reliability,DummyRegressor,25,1480,0.23741134463808958,0.18069506880105252,-3.0104830617050382e-05,,-1.3650147068562996e-16
22,continuous_base_rating,content_quantity_plus_reliability,Ridge,25,1480,0.20491006562901187,0.1532501001077671,0.2550335345724598,0.5228079216307339,0.5128016704736945
22,continuous_base_rating,content_quantity_plus_reliability,HistGradientBoostingRegressor,25,1480,0.20631620637075807,0.14948520711934157,0.24477418606323964,0.5080649963057575,0.4953063112569776
22,continuous_bayes_global_m25,content_quantity_plus_reliability,DummyRegressor,25,1480,0.18059711382740842,0.13956103267324516,-2.9354626331468125e-05,,-1.588407638028075e-15
22,continuous_bayes_global_m25,content_quantity_plus_reliability,Ridge,25,1480,0.15338406018144435,0.11600433522207719,0.27864076387085646,0.5536021208203555,0.536853347421431
22,continuous_bayes_global_m25,content_quantity_plus_reliability,HistGradientBoostingRegressor,25,1480,0.15265293394024568,0.1130089681178966,0.28550129022233095,0.5530016023488105,0.5344697354303534
22,continuous_category_residual,content_quantity_plus_reliability,DummyRegressor,25,1480,0.23502202151985357,0.1791221354760826,-1.8638025645723033e-05,,-7.022094745878956e-18
22,continuous_category_residual,content_quantity_plus_reliability,Ridge,25,1480,0.20491062561363352,0.15325080891855133,0.23981387618578232,0.5175499478513241,0.49917627497229017
22,continuous_category_residual,content_quantity_plus_reliability,HistGradientBoostingRegressor,25,1480,0.2055562290730289,0.1501723797308977,0.23501615592995873,0.5026510698617934,0.48519620393655116
33,continuous_base_rating,content_quantity_plus_reliability,DummyRegressor,25,1480,0.24192492701731053,0.18600344005262873,-5.163373683769734e-05,,2.524082306167703e-15
33,continuous_base_rating,content_quantity_plus_reliability,Ridge,25,1480,0.2093930160967216,0.15832674173327474,0.2508210414022597,0.5017328116593908,0.5065807742150686
33,continuous_base_rating,content_quantity_plus_reliability,HistGradientBoostingRegressor,25,1480,0.20776388080843236,0.15514864148318155,0.26243332852083745,0.5080978499556537,0.512878121147153
33,continuous_bayes_global_m25,content_quantity_plus_reliability,DummyRegressor,25,1480,0.18330397444130686,0.1431597852895745,-2.0872218837952872e-05,,9.101562339983013e-16
33,continuous_bayes_global_m25,content_quantity_plus_reliability,Ridge,25,1480,0.15592060900872734,0.12024471725527738,0.27644367155409477,0.5392715972770779,0.5326423929007189
33,continuous_bayes_global_m25,content_quantity_plus_reliability,HistGradientBoostingRegressor,25,1480,0.15497957181044753,0.1184378475751341,0.2851511632135998,0.5441116162377232,0.5342187532930839
33,continuous_category_residual,content_quantity_plus_reliability,DummyRegressor,25,1480,0.24053710847956886,0.1852093881982647,-4.8728336329073585e-05,,
33,continuous_category_residual,content_quantity_plus_reliability,Ridge,25,1480,0.2093927287109958,0.15832720723370397,0.2421553606989989,0.5024127519500083,0.4984869544585703
33,continuous_category_residual,content_quantity_plus_reliability,HistGradientBoostingRegressor,25,1480,0.20775247065450694,0.1556087361933812,0.25398186569305214,0.5146239239269921,0.5047353787239622
44,continuous_base_rating,content_quantity_plus_reliability,DummyRegressor,25,1480,0.24669469739929603,0.18665561098623976,-2.0757726870712645e-08,,1.2893017166379937e-15
44,continuous_base_rating,content_quantity_plus_reliability,Ridge,25,1480,0.2152294051101151,0.15929993996453876,0.2388266220792843,0.5208371118471031,0.4982511726139252
44,continuous_base_rating,content_quantity_plus_reliability,HistGradientBoostingRegressor,25,1480,0.21548635196796334,0.1581291074243781,0.2370081172823123,0.49751448557530026,0.4871687779771228
44,continuous_bayes_global_m25,content_quantity_plus_reliability,DummyRegressor,25,1480,0.18934741902274035,0.1451878671487619,-3.140357359932011e-06,,2.7336247470307066e-15
44,continuous_bayes_global_m25,content_quantity_plus_reliability,Ridge,25,1480,0.16054314653228688,0.12106212754886422,0.28110390314342026,0.5618988967913897,0.5364981860503026
44,continuous_bayes_global_m25,content_quantity_plus_reliability,HistGradientBoostingRegressor,25,1480,0.16058694489745876,0.12143021278156821,0.28071160027131137,0.5471566639833739,0.5309468879035928
44,continuous_category_residual,content_quantity_plus_reliability,DummyRegressor,25,1480,0.24564617852706835,0.18619119886606772,-6.876847375991701e-07,,-1.2673213408795206e-17
44,continuous_category_residual,content_quantity_plus_reliability,Ridge,25,1480,0.21522981093641458,0.15930038081785186,0.23231134521893382,0.5166506282740112,0.4914528134448771
44,continuous_category_residual,content_quantity_plus_reliability,HistGradientBoostingRegressor,25,1480,0.21786253181055548,0.16075709160403087,0.2134155316147559,0.47550674920048047,0.46235949815839955
55,continuous_base_rating,content_quantity_plus_reliability,DummyRegressor,25,1480,0.2533853619695352,0.19057066955393528,-0.0008115779956352487,,
55,continuous_base_rating,content_quantity_plus_reliability,Ridge,25,1480,0.21822708004447286,0.16151582165847858,0.2576536799892384,0.5154579143089727,0.5094625055711093
55,continuous_base_rating,content_quantity_plus_reliability,HistGradientBoostingRegressor,25,1480,0.21888592635664791,0.15913583222718697,0.2531644988959114,0.5196614740165336,0.5044405921669181
55,continuous_bayes_global_m25,content_quantity_plus_reliability,DummyRegressor,25,1480,0.19565200178414813,0.1472066526843552,-0.0009619216424394672,,2.922994298975612e-15
55,continuous_bayes_global_m25,content_quantity_plus_reliability,Ridge,25,1480,0.16522632819504468,0.1222231532677287,0.28614917052022826,0.5517981669922642,0.5363908806539189
55,continuous_bayes_global_m25,content_quantity_plus_reliability,HistGradientBoostingRegressor,25,1480,0.16622995270958574,0.12166464286533134,0.2774506282344631,0.5586145378529818,0.5287832154158671
55,continuous_category_residual,content_quantity_plus_reliability,DummyRegressor,25,1480,0.25152736119409236,0.189044151623423,-0.0006612069552280886,,
55,continuous_category_residual,content_quantity_plus_reliability,Ridge,25,1480,0.21822688358804643,0.16151563948523545,0.24676048357900948,0.5064123006851249,0.49888321455107015
55,continuous_category_residual,content_quantity_plus_reliability,HistGradientBoostingRegressor,25,1480,0.21934652286321712,0.16116033847544553,0.23901148397461291,0.5011089889302441,0.4903868593991764
11,continuous_base_rating,content_quantity_interactions,DummyRegressor,25,1480,0.25148416719114774,0.18897456279809205,-4.2554356501245394e-05,,1.3960242413467512e-15
11,continuous_base_rating,content_quantity_interactions,Ridge,25,1480,0.2214390196125909,0.16381929656578406,0.22463626515835322,0.5010861796753544,0.4779148746176167
11,continuous_base_rating,content_quantity_interactions,HistGradientBoostingRegressor,25,1480,0.22232006303664958,0.16314751722017803,0.21845408362492058,0.4692312798142954,0.468273292839375
11,continuous_bayes_global_m25,content_quantity_interactions,DummyRegressor,25,1480,0.19163255896480894,0.14624736348073192,-3.77437143028736e-06,,-2.3440227730032172e-15
11,continuous_bayes_global_m25,content_quantity_interactions,Ridge,25,1480,0.1671433020538557,0.12685263129089372,0.23925168914962303,0.5061664662527,0.4936764075480917
11,continuous_bayes_global_m25,content_quantity_interactions,HistGradientBoostingRegressor,25,1480,0.16716526936781845,0.1256485655878296,0.23905170871401127,0.48249501340102013,0.49042867619714753
11,continuous_category_residual,content_quantity_interactions,DummyRegressor,25,1480,0.2502390745722382,0.1882205828710868,-3.064238612426884e-05,,-2.623059221958639e-17
11,continuous_category_residual,content_quantity_interactions,Ridge,25,1480,0.22143922893159934,0.16381933856328773,0.21690909840980122,0.4917669961654535,0.4695190197229376
11,continuous_category_residual,content_quantity_interactions,HistGradientBoostingRegressor,25,1480,0.2220852129020725,0.16266795274340856,0.21233355840786605,0.4679612652667138,0.46165184704787965
22,continuous_base_rating,content_quantity_interactions,DummyRegressor,25,1480,0.23741134463808958,0.18069506880105252,-3.0104830617050382e-05,,-1.3650147068562996e-16
22,continuous_base_rating,content_quantity_interactions,Ridge,25,1480,0.209571797018974,0.15629229783720766,0.22075178995013556,0.5001120346020235,0.4792903007879457
22,continuous_base_rating,content_quantity_interactions,HistGradientBoostingRegressor,25,1480,0.2086903525756945,0.1524684991184658,0.22729293301662357,0.5043604064727183,0.4774821945645854
22,continuous_bayes_global_m25,content_quantity_interactions,DummyRegressor,25,1480,0.18059711382740842,0.13956103267324516,-2.9354626331468125e-05,,-1.588407638028075e-15
22,continuous_bayes_global_m25,content_quantity_interactions,Ridge,25,1480,0.15809121789446662,0.11992334159269243,0.2336862330660946,0.5059659026982631,0.49428398636137083
22,continuous_bayes_global_m25,content_quantity_interactions,HistGradientBoostingRegressor,25,1480,0.156716372516552,0.11762502452748824,0.24695682181121714,0.5076078554840401,0.49701952641206876
22,continuous_category_residual,content_quantity_interactions,DummyRegressor,25,1480,0.23502202151985357,0.1791221354760826,-1.8638025645723033e-05,,-7.022094745878956e-18
22,continuous_category_residual,content_quantity_interactions,Ridge,25,1480,0.2095722703213475,0.15629291063891498,0.204832510281865,0.4939048085336996,0.4646184560119703
22,continuous_category_residual,content_quantity_interactions,HistGradientBoostingRegressor,25,1480,0.20948787906722133,0.15392957915332264,0.2054727826855247,0.48375986935155313,0.4540724770041605
33,continuous_base_rating,content_quantity_interactions,DummyRegressor,25,1480,0.24192492701731053,0.18600344005262873,-5.163373683769734e-05,,2.524082306167703e-15
33,continuous_base_rating,content_quantity_interactions,Ridge,25,1480,0.2117470989572499,0.15993823914753277,0.23388119207869007,0.49589669458167907,0.48975551158126757
33,continuous_base_rating,content_quantity_interactions,HistGradientBoostingRegressor,25,1480,0.20959329223165626,0.1558979007329253,0.24938723597801582,0.5089413590021615,0.5000773553045703
33,continuous_bayes_global_m25,content_quantity_interactions,DummyRegressor,25,1480,0.18330397444130686,0.1431597852895745,-2.0872218837952872e-05,,9.101562339983013e-16
33,continuous_bayes_global_m25,content_quantity_interactions,Ridge,25,1480,0.15875028290787996,0.12289377707788603,0.24994291567145976,0.506549590060648,0.5077641643673066
33,continuous_bayes_global_m25,content_quantity_interactions,HistGradientBoostingRegressor,25,1480,0.1571647631897745,0.1194753417253943,0.2648504994777988,0.5184956141526472,0.5149495820932943
33,continuous_category_residual,content_quantity_interactions,DummyRegressor,25,1480,0.24053710847956886,0.1852093881982647,-4.8728336329073585e-05,,
33,continuous_category_residual,content_quantity_interactions,Ridge,25,1480,0.21174672229845426,0.1599385174014411,0.22502019959135433,0.4996586006160363,0.48142541870958794
33,continuous_category_residual,content_quantity_interactions,HistGradientBoostingRegressor,25,1480,0.20908349679328672,0.1568492466303185,0.24439208313258187,0.5140237942433189,0.4954581482232696
44,continuous_base_rating,content_quantity_interactions,DummyRegressor,25,1480,0.24669469739929603,0.18665561098623976,-2.0757726870712645e-08,,1.2893017166379937e-15
44,continuous_base_rating,content_quantity_interactions,Ridge,25,1480,0.21835615230441682,0.16097721162072534,0.21655007083491673,0.5074960150324715,0.4748639191718493
44,continuous_base_rating,content_quantity_interactions,HistGradientBoostingRegressor,25,1480,0.2202996844703677,0.16145717605246698,0.20254142921448437,0.4694262003646166,0.4500878899410931
44,continuous_bayes_global_m25,content_quantity_interactions,DummyRegressor,25,1480,0.18934741902274035,0.1451878671487619,-3.140357359932011e-06,,2.7336247470307066e-15
44,continuous_bayes_global_m25,content_quantity_interactions,Ridge,25,1480,0.16414441911516145,0.12352936137357758,0.24848989042557057,0.5258684555983145,0.5047328881101962
44,continuous_bayes_global_m25,content_quantity_interactions,HistGradientBoostingRegressor,25,1480,0.16432406412584744,0.12386137861097658,0.24684403588655335,0.5112283701097226,0.4973410676994029
44,continuous_category_residual,content_quantity_interactions,DummyRegressor,25,1480,0.24564617852706835,0.18619119886606772,-6.876847375991701e-07,,-1.2673213408795206e-17
44,continuous_category_residual,content_quantity_interactions,Ridge,25,1480,0.21835661398212441,0.16097796381414956,0.2098437558991757,0.5025737282567724,0.4672931365814954
44,continuous_category_residual,content_quantity_interactions,HistGradientBoostingRegressor,25,1480,0.21951908248733615,0.16271933433173275,0.20140822713683537,0.4666029842499428,0.4492179731600665
55,continuous_base_rating,content_quantity_interactions,DummyRegressor,25,1480,0.2533853619695352,0.19057066955393528,-0.0008115779956352487,,
55,continuous_base_rating,content_quantity_interactions,Ridge,25,1480,0.2218172311228341,0.16412393057838015,0.23302742272555044,0.4997852128132644,0.4851310491683621
55,continuous_base_rating,content_quantity_interactions,HistGradientBoostingRegressor,25,1480,0.22198241955641862,0.1622771756507436,0.2318846605225473,0.5002062129417247,0.48205052812147753
55,continuous_bayes_global_m25,content_quantity_interactions,DummyRegressor,25,1480,0.19565200178414813,0.1472066526843552,-0.0009619216424394672,,2.922994298975612e-15
55,continuous_bayes_global_m25,content_quantity_interactions,Ridge,25,1480,0.16924771081227075,0.126141423294312,0.25097800373538837,0.5091983514352619,0.5030855898324322
55,continuous_bayes_global_m25,content_quantity_interactions,HistGradientBoostingRegressor,25,1480,0.1682566218411282,0.12376275635227248,0.2597246378727667,0.5278076092026086,0.5117527845734017
55,continuous_category_residual,content_quantity_interactions,DummyRegressor,25,1480,0.25152736119409236,0.189044151623423,-0.0006612069552280886,,
55,continuous_category_residual,content_quantity_interactions,Ridge,25,1480,0.22181710369695726,0.1641240453179808,0.22177235334559497,0.48885188626865206,0.4736947532153899
55,continuous_category_residual,content_quantity_interactions,HistGradientBoostingRegressor,25,1480,0.22079658025049712,0.16291695504747866,0.22891673124006318,0.49480088787237797,0.47957469159730265
11,continuous_base_rating,full_content_quantity_interactions_plus_reliability,DummyRegressor,25,1480,0.25148416719114774,0.18897456279809205,-4.2554356501245394e-05,,1.3960242413467512e-15
11,continuous_base_rating,full_content_quantity_interactions_plus_reliability,Ridge,25,1480,0.2171070037420499,0.1594546271759319,0.2546764361701066,0.5256966002985695,0.5073605344141532
11,continuous_base_rating,full_content_quantity_interactions_plus_reliability,HistGradientBoostingRegressor,25,1480,0.21842170910497713,0.15866669221141272,0.2456223961320726,0.4977338426521878,0.4978254897957226
11,continuous_bayes_global_m25,full_content_quantity_interactions_plus_reliability,DummyRegressor,25,1480,0.19163255896480894,0.14624736348073192,-3.77437143028736e-06,,-2.3440227730032172e-15
11,continuous_bayes_global_m25,full_content_quantity_interactions_plus_reliability,Ridge,25,1480,0.1621713068950126,0.1219280849662253,0.2838383281080902,0.5596382552521525,0.5353735243148455
11,continuous_bayes_global_m25,full_content_quantity_interactions_plus_reliability,HistGradientBoostingRegressor,25,1480,0.16249311144730874,0.12096388558593014,0.28099327800324436,0.5461718725275024,0.5328526785016582
11,continuous_category_residual,full_content_quantity_interactions_plus_reliability,DummyRegressor,25,1480,0.2502390745722382,0.1882205828710868,-3.064238612426884e-05,,-2.623059221958639e-17
11,continuous_category_residual,full_content_quantity_interactions_plus_reliability,Ridge,25,1480,0.21710717113617542,0.15945481022543573,0.2472489078997221,0.5185097473897113,0.4998590206587995
11,continuous_category_residual,full_content_quantity_interactions_plus_reliability,HistGradientBoostingRegressor,25,1480,0.21817529499421226,0.15888577165419965,0.23982391835879335,0.49808040937184767,0.49188610889997814
22,continuous_base_rating,full_content_quantity_interactions_plus_reliability,DummyRegressor,25,1480,0.23741134463808958,0.18069506880105252,-3.0104830617050382e-05,,-1.3650147068562996e-16
22,continuous_base_rating,full_content_quantity_interactions_plus_reliability,Ridge,25,1480,0.20521308309470832,0.15382914709560708,0.25282861839807624,0.5215948590171767,0.5109847050929425
22,continuous_base_rating,full_content_quantity_interactions_plus_reliability,HistGradientBoostingRegressor,25,1480,0.2058801936565548,0.14952472127048716,0.24796288477771167,0.5155040322220827,0.49841254585507666
22,continuous_bayes_global_m25,full_content_quantity_interactions_plus_reliability,DummyRegressor,25,1480,0.18059711382740842,0.13956103267324516,-2.9354626331468125e-05,,-1.588407638028075e-15
22,continuous_bayes_global_m25,full_content_quantity_interactions_plus_reliability,Ridge,25,1480,0.15376931729058732,0.1163582936978507,0.2750125147879725,0.5510458931490235,0.5340893903010795
22,continuous_bayes_global_m25,full_content_quantity_interactions_plus_reliability,HistGradientBoostingRegressor,25,1480,0.1537990252812547,0.11350876982095089,0.27473235483967495,0.5460087203191888,0.5244833830754961
22,continuous_category_residual,full_content_quantity_interactions_plus_reliability,DummyRegressor,25,1480,0.23502202151985357,0.1791221354760826,-1.8638025645723033e-05,,-7.022094745878956e-18
22,continuous_category_residual,full_content_quantity_interactions_plus_reliability,Ridge,25,1480,0.2052136544721845,0.15382982871817655,0.23756383509009948,0.5156328993748284,0.49733172828217986
22,continuous_category_residual,full_content_quantity_interactions_plus_reliability,HistGradientBoostingRegressor,25,1480,0.20585060089065255,0.15032973732059085,0.23282355948234523,0.5038980640082457,0.48290192520480396
33,continuous_base_rating,full_content_quantity_interactions_plus_reliability,DummyRegressor,25,1480,0.24192492701731053,0.18600344005262873,-5.163373683769734e-05,,2.524082306167703e-15
33,continuous_base_rating,full_content_quantity_interactions_plus_reliability,Ridge,25,1480,0.2092462741923824,0.15824977006537405,0.25187071753528045,0.5015469291561816,0.5073986218418367
33,continuous_base_rating,full_content_quantity_interactions_plus_reliability,HistGradientBoostingRegressor,25,1480,0.2089748979119496,0.15542270543304423,0.25380999114150793,0.49949149773839735,0.5041419584715443
33,continuous_bayes_global_m25,full_content_quantity_interactions_plus_reliability,DummyRegressor,25,1480,0.18330397444130686,0.1431597852895745,-2.0872218837952872e-05,,9.101562339983013e-16
33,continuous_bayes_global_m25,full_content_quantity_interactions_plus_reliability,Ridge,25,1480,0.15575230826388703,0.12016423792200659,0.27800484230329814,0.5392231795601098,0.5338196075478292
33,continuous_bayes_global_m25,full_content_quantity_interactions_plus_reliability,HistGradientBoostingRegressor,25,1480,0.15518126383474307,0.1183552734838621,0.2832893290957684,0.5419189618087574,0.5323995224076526
33,continuous_category_residual,full_content_quantity_interactions_plus_reliability,DummyRegressor,25,1480,0.24053710847956886,0.1852093881982647,-4.8728336329073585e-05,,
33,continuous_category_residual,full_content_quantity_interactions_plus_reliability,Ridge,25,1480,0.20924592810414977,0.15825031566901238,0.243217604411598,0.5027997869401184,0.49932824786029945
33,continuous_category_residual,full_content_quantity_interactions_plus_reliability,HistGradientBoostingRegressor,25,1480,0.2075851838065491,0.15558117056003928,0.2551828023303786,0.5129867566192866,0.5060427709844311
44,continuous_base_rating,full_content_quantity_interactions_plus_reliability,DummyRegressor,25,1480,0.24669469739929603,0.18665561098623976,-2.0757726870712645e-08,,1.2893017166379937e-15
44,continuous_base_rating,full_content_quantity_interactions_plus_reliability,Ridge,25,1480,0.21515808370119188,0.1591427887744293,0.23933100448850064,0.5209766838231251,0.4989494972158954
44,continuous_base_rating,full_content_quantity_interactions_plus_reliability,HistGradientBoostingRegressor,25,1480,0.21611568752061144,0.15920182260154422,0.2325449194776631,0.4911231476060616,0.4823778921917899
44,continuous_bayes_global_m25,full_content_quantity_interactions_plus_reliability,DummyRegressor,25,1480,0.18934741902274035,0.1451878671487619,-3.140357359932011e-06,,2.7336247470307066e-15
44,continuous_bayes_global_m25,full_content_quantity_interactions_plus_reliability,Ridge,25,1480,0.16046921054257812,0.12095778302474758,0.28176590655221145,0.5621863196183982,0.5372361534999531
44,continuous_bayes_global_m25,full_content_quantity_interactions_plus_reliability,HistGradientBoostingRegressor,25,1480,0.16153823660613087,0.12147632700146907,0.2721644572282029,0.5403424327770017,0.5224321452403776
44,continuous_category_residual,full_content_quantity_interactions_plus_reliability,DummyRegressor,25,1480,0.24564617852706835,0.18619119886606772,-6.876847375991701e-07,,-1.2673213408795206e-17
44,continuous_category_residual,full_content_quantity_interactions_plus_reliability,Ridge,25,1480,0.21515850613806947,0.15914321423112188,0.23281992548416308,0.5169478669608832,0.49214914439811086
44,continuous_category_residual,full_content_quantity_interactions_plus_reliability,HistGradientBoostingRegressor,25,1480,0.2162930987193839,0.1595886764566641,0.22470747045381556,0.4854733578133781,0.47530100121665075
55,continuous_base_rating,full_content_quantity_interactions_plus_reliability,DummyRegressor,25,1480,0.2533853619695352,0.19057066955393528,-0.0008115779956352487,,
55,continuous_base_rating,full_content_quantity_interactions_plus_reliability,Ridge,25,1480,0.21792223503503413,0.1613452260867226,0.2597262230428625,0.5181949104338281,0.5114878864442873
55,continuous_base_rating,full_content_quantity_interactions_plus_reliability,HistGradientBoostingRegressor,25,1480,0.2200953002511035,0.16007272803998715,0.24488896896134127,0.5094257893692873,0.4955049061960678
55,continuous_bayes_global_m25,full_content_quantity_interactions_plus_reliability,DummyRegressor,25,1480,0.19565200178414813,0.1472066526843552,-0.0009619216424394672,,2.922994298975612e-15
55,continuous_bayes_global_m25,full_content_quantity_interactions_plus_reliability,Ridge,25,1480,0.16499559572653447,0.12205366500041608,0.288141511100776,0.5541770113348636,0.5382281305154772
55,continuous_bayes_global_m25,full_content_quantity_interactions_plus_reliability,HistGradientBoostingRegressor,25,1480,0.16592472620899226,0.12150244557198775,0.2801016395238709,0.5579113482189533,0.5317957747483757
55,continuous_category_residual,full_content_quantity_interactions_plus_reliability,DummyRegressor,25,1480,0.25152736119409236,0.189044151623423,-0.0006612069552280886,,
55,continuous_category_residual,full_content_quantity_interactions_plus_reliability,Ridge,25,1480,0.21792206035673323,0.1613451429833001,0.24886329090915071,0.5089272047617718,0.5009703260260361
55,continuous_category_residual,full_content_quantity_interactions_plus_reliability,HistGradientBoostingRegressor,25,1480,0.21982547707953745,0.16119000862656432,0.2356845419073973,0.5003982541626028,0.48654081178820147
