threshold,flagged_share,precision,recall,f1,rank,target,feature_set,model,min_rating_count_filter
0.05,0.927027027027027,0.3119533527696793,0.9953488372093023,0.4750277469478357,1,low_rating_bottom30_bayes_category_m25,content_quantity_plus_reliability,XGBoostClassifier,25
0.1,0.7851351351351351,0.3528399311531842,0.9534883720930233,0.5150753768844221,1,low_rating_bottom30_bayes_category_m25,content_quantity_plus_reliability,XGBoostClassifier,25
0.15,0.6635135135135135,0.3869653767820774,0.8837209302325582,0.5382436260623229,1,low_rating_bottom30_bayes_category_m25,content_quantity_plus_reliability,XGBoostClassifier,25
0.2,0.543918918918919,0.4248447204968944,0.7953488372093023,0.5538461538461539,1,low_rating_bottom30_bayes_category_m25,content_quantity_plus_reliability,XGBoostClassifier,25
0.25,0.45,0.45795795795795796,0.7093023255813954,0.5565693430656934,1,low_rating_bottom30_bayes_category_m25,content_quantity_plus_reliability,XGBoostClassifier,25
0.3,0.37094594594594593,0.49544626593806923,0.6325581395348837,0.5556690500510725,1,low_rating_bottom30_bayes_category_m25,content_quantity_plus_reliability,XGBoostClassifier,25
0.35,0.2959459459459459,0.5296803652968036,0.5395348837209303,0.5345622119815668,1,low_rating_bottom30_bayes_category_m25,content_quantity_plus_reliability,XGBoostClassifier,25
0.4,0.25067567567567567,0.5714285714285714,0.4930232558139535,0.529338327091136,1,low_rating_bottom30_bayes_category_m25,content_quantity_plus_reliability,XGBoostClassifier,25
0.45,0.1966216216216216,0.6013745704467354,0.4069767441860465,0.4854368932038835,1,low_rating_bottom30_bayes_category_m25,content_quantity_plus_reliability,XGBoostClassifier,25
0.5,0.15675675675675677,0.6379310344827587,0.34418604651162793,0.4471299093655589,1,low_rating_bottom30_bayes_category_m25,content_quantity_plus_reliability,XGBoostClassifier,25
0.55,0.12567567567567567,0.6559139784946236,0.2837209302325581,0.3961038961038961,1,low_rating_bottom30_bayes_category_m25,content_quantity_plus_reliability,XGBoostClassifier,25
0.6,0.09324324324324325,0.6666666666666666,0.21395348837209302,0.323943661971831,1,low_rating_bottom30_bayes_category_m25,content_quantity_plus_reliability,XGBoostClassifier,25
0.65,0.06621621621621622,0.7142857142857143,0.16279069767441862,0.26515151515151514,1,low_rating_bottom30_bayes_category_m25,content_quantity_plus_reliability,XGBoostClassifier,25
0.7,0.041891891891891894,0.7903225806451613,0.11395348837209303,0.1991869918699187,1,low_rating_bottom30_bayes_category_m25,content_quantity_plus_reliability,XGBoostClassifier,25
0.75,0.021621621621621623,0.9375,0.06976744186046512,0.12987012987012986,1,low_rating_bottom30_bayes_category_m25,content_quantity_plus_reliability,XGBoostClassifier,25
0.8,0.010135135135135136,0.9333333333333333,0.03255813953488372,0.06292134831460675,1,low_rating_bottom30_bayes_category_m25,content_quantity_plus_reliability,XGBoostClassifier,25
0.85,0.0033783783783783786,0.8,0.009302325581395349,0.01839080459770115,1,low_rating_bottom30_bayes_category_m25,content_quantity_plus_reliability,XGBoostClassifier,25
0.9,0.0013513513513513514,1.0,0.004651162790697674,0.009259259259259259,1,low_rating_bottom30_bayes_category_m25,content_quantity_plus_reliability,XGBoostClassifier,25
0.95,0.0,0.0,0.0,0.0,1,low_rating_bottom30_bayes_category_m25,content_quantity_plus_reliability,XGBoostClassifier,25
0.05,0.9277027027027027,0.3117261471230881,0.9953488372093023,0.4747642817526345,2,low_rating_bottom30_bayes_category_m25,full_content_quantity_interactions_plus_reliability,XGBoostClassifier,25
0.1,0.7858108108108108,0.34909716251074807,0.9441860465116279,0.5097300690521029,2,low_rating_bottom30_bayes_category_m25,full_content_quantity_interactions_plus_reliability,XGBoostClassifier,25
0.15,0.6608108108108108,0.39059304703476483,0.8883720930232558,0.5426136363636364,2,low_rating_bottom30_bayes_category_m25,full_content_quantity_interactions_plus_reliability,XGBoostClassifier,25
0.2,0.5493243243243243,0.43050430504305043,0.813953488372093,0.5631536604987932,2,low_rating_bottom30_bayes_category_m25,full_content_quantity_interactions_plus_reliability,XGBoostClassifier,25
0.25,0.4527027027027027,0.45671641791044776,0.7116279069767442,0.5563636363636364,2,low_rating_bottom30_bayes_category_m25,full_content_quantity_interactions_plus_reliability,XGBoostClassifier,25
0.3,0.36283783783783785,0.4934823091247672,0.6162790697674418,0.5480868665977249,2,low_rating_bottom30_bayes_category_m25,full_content_quantity_interactions_plus_reliability,XGBoostClassifier,25
0.35,0.3033783783783784,0.5367483296213809,0.5604651162790698,0.5483503981797497,2,low_rating_bottom30_bayes_category_m25,full_content_quantity_interactions_plus_reliability,XGBoostClassifier,25
0.4,0.25472972972972974,0.5729442970822282,0.5023255813953489,0.5353159851301115,2,low_rating_bottom30_bayes_category_m25,full_content_quantity_interactions_plus_reliability,XGBoostClassifier,25
0.45,0.2087837837837838,0.5792880258899676,0.41627906976744183,0.4844384303112314,2,low_rating_bottom30_bayes_category_m25,full_content_quantity_interactions_plus_reliability,XGBoostClassifier,25
0.5,0.1635135135135135,0.6074380165289256,0.34186046511627904,0.4375,2,low_rating_bottom30_bayes_category_m25,full_content_quantity_interactions_plus_reliability,XGBoostClassifier,25
0.55,0.12635135135135134,0.6470588235294118,0.2813953488372093,0.39222042139384117,2,low_rating_bottom30_bayes_category_m25,full_content_quantity_interactions_plus_reliability,XGBoostClassifier,25
0.6,0.0972972972972973,0.6875,0.2302325581395349,0.34494773519163763,2,low_rating_bottom30_bayes_category_m25,full_content_quantity_interactions_plus_reliability,XGBoostClassifier,25
0.65,0.0722972972972973,0.7009345794392523,0.1744186046511628,0.27932960893854747,2,low_rating_bottom30_bayes_category_m25,full_content_quantity_interactions_plus_reliability,XGBoostClassifier,25
0.7,0.043243243243243246,0.796875,0.1186046511627907,0.20647773279352227,2,low_rating_bottom30_bayes_category_m25,full_content_quantity_interactions_plus_reliability,XGBoostClassifier,25
0.75,0.021621621621621623,0.78125,0.05813953488372093,0.10822510822510822,2,low_rating_bottom30_bayes_category_m25,full_content_quantity_interactions_plus_reliability,XGBoostClassifier,25
0.8,0.010810810810810811,0.875,0.03255813953488372,0.06278026905829596,2,low_rating_bottom30_bayes_category_m25,full_content_quantity_interactions_plus_reliability,XGBoostClassifier,25
0.85,0.0033783783783783786,1.0,0.011627906976744186,0.022988505747126436,2,low_rating_bottom30_bayes_category_m25,full_content_quantity_interactions_plus_reliability,XGBoostClassifier,25
0.9,0.0,0.0,0.0,0.0,2,low_rating_bottom30_bayes_category_m25,full_content_quantity_interactions_plus_reliability,XGBoostClassifier,25
0.95,0.0,0.0,0.0,0.0,2,low_rating_bottom30_bayes_category_m25,full_content_quantity_interactions_plus_reliability,XGBoostClassifier,25
0.05,0.9202702702702703,0.3120411160058737,0.9883720930232558,0.47433035714285715,3,low_rating_bottom30_bayes_category_m25,content_plus_reliability,XGBoostClassifier,25
0.1,0.7885135135135135,0.34704370179948585,0.9418604651162791,0.5072010018785222,3,low_rating_bottom30_bayes_category_m25,content_plus_reliability,XGBoostClassifier,25
0.15,0.6567567567567567,0.3888888888888889,0.8790697674418605,0.5392296718972895,3,low_rating_bottom30_bayes_category_m25,content_plus_reliability,XGBoostClassifier,25
0.2,0.5405405405405406,0.4225,0.786046511627907,0.5495934959349593,3,low_rating_bottom30_bayes_category_m25,content_plus_reliability,XGBoostClassifier,25
0.25,0.45,0.466966966966967,0.7232558139534884,0.5675182481751825,3,low_rating_bottom30_bayes_category_m25,content_plus_reliability,XGBoostClassifier,25
0.3,0.3614864864864865,0.5102803738317757,0.6348837209302326,0.5658031088082901,3,low_rating_bottom30_bayes_category_m25,content_plus_reliability,XGBoostClassifier,25
0.35,0.30067567567567566,0.5550561797752809,0.5744186046511628,0.5645714285714286,3,low_rating_bottom30_bayes_category_m25,content_plus_reliability,XGBoostClassifier,25
0.4,0.2574324324324324,0.5695538057742782,0.5046511627906977,0.5351418002466092,3,low_rating_bottom30_bayes_category_m25,content_plus_reliability,XGBoostClassifier,25
0.45,0.20405405405405405,0.5927152317880795,0.41627906976744183,0.4890710382513661,3,low_rating_bottom30_bayes_category_m25,content_plus_reliability,XGBoostClassifier,25
0.5,0.15878378378378377,0.625531914893617,0.34186046511627904,0.4421052631578947,3,low_rating_bottom30_bayes_category_m25,content_plus_reliability,XGBoostClassifier,25
0.55,0.1195945945945946,0.6666666666666666,0.2744186046511628,0.38879736408566723,3,low_rating_bottom30_bayes_category_m25,content_plus_reliability,XGBoostClassifier,25
0.6,0.0918918918918919,0.6985294117647058,0.22093023255813954,0.33568904593639576,3,low_rating_bottom30_bayes_category_m25,content_plus_reliability,XGBoostClassifier,25
0.65,0.06756756756756757,0.75,0.1744186046511628,0.2830188679245283,3,low_rating_bottom30_bayes_category_m25,content_plus_reliability,XGBoostClassifier,25
0.7,0.04256756756756757,0.7619047619047619,0.11162790697674418,0.1947261663286004,3,low_rating_bottom30_bayes_category_m25,content_plus_reliability,XGBoostClassifier,25
0.75,0.022972972972972974,0.8529411764705882,0.06744186046511629,0.125,3,low_rating_bottom30_bayes_category_m25,content_plus_reliability,XGBoostClassifier,25
0.8,0.012837837837837839,0.8947368421052632,0.03953488372093023,0.0757238307349666,3,low_rating_bottom30_bayes_category_m25,content_plus_reliability,XGBoostClassifier,25
0.85,0.005405405405405406,1.0,0.018604651162790697,0.0365296803652968,3,low_rating_bottom30_bayes_category_m25,content_plus_reliability,XGBoostClassifier,25
0.9,0.0,0.0,0.0,0.0,3,low_rating_bottom30_bayes_category_m25,content_plus_reliability,XGBoostClassifier,25
0.95,0.0,0.0,0.0,0.0,3,low_rating_bottom30_bayes_category_m25,content_plus_reliability,XGBoostClassifier,25
